X,Y,FID,objectid,type,feature_gp,feature_id,asset_id,site_code,site_name,plot_no,location,prim_meas,unit,xy_accurac,sym_code,sym_rot,modified,sculpture,artist,installed,photo_link,label,GlobalID
174.77721,-41.28877529,1,0,P-Sculpture,PSCU,25,1321112,P1019,Civic Centre Complex,7000247,"Civic Square, suspended between MOB and Art Gallery.   Title/Year: Ferns (1998). Artist: Neil Dawson. Consists of Aluminium . Origin/Provenance: Commissioned by Wellington Sculpture Trust, the New Zealand Festival of the Arts and the Wellington City",1,No., ,0,0,2006-08-07T00:00:00.000Z,The Ferns,Neil Dawson,1998, ,no,{2BF979B6-F111-4ECB-9AA6-F3069D92ABFE}
174.7775287,-41.28903118,2,0,P-Sculpture,PSCU,26,1321113,P1019,Civic Centre Complex,7000248,Civic Square.   Title/Year: Pig (1995). Artist: Alan Hobbs. Consists of Oamaru Stone.,1,No., ,0,0,2006-08-07T00:00:00.000Z,The Pig,Alan Hobbs,1995, ,no,{EBBFAF88-621F-4D32-ADF8-487AA3472098}
174.7776281,-41.28912996,3,0,P-Sculpture,PSCU,18,1378374,P1019,Civic Centre Complex,7000252,"Anchor Stone - Large carved stone with mooring rope. Has small plaque with wording ""Anchor Stone - Ra Vincent Presented to Wellington City Council by the Wellington Tenths Trust nga tekau o poneke in celebration of the Wellington Town Hall Centenary",1,No., ,0,0,2006-08-07T00:00:00.000Z,Anchor Stone,Ra Vincent,2004, ,no,{7352503E-D458-498D-BD0E-C448ED7B3A51}
174.777552,-41.28877964,4,0,P-Sculpture,PSCU,20,1321110,P1019,Civic Centre Complex,7000245,"Entrance to City to Sea bridge.   Title/Year: Prow. Artist: Matt Pine. Consists of Oamaru Stone, black plaque.",1,No., ,0,0,2006-08-07T00:00:00.000Z,Capital and Prow,M Pine,1991, ,no,{7F777FF3-3A4F-4E7F-BD6F-6F5A03DFCA5B}
174.7785641,-41.28871249,5,0,P-Sculpture,PSCU,21,1321108,P1019,Civic Centre Complex,7000243,"Civic Square and across Jervois Quay to Frank Kitts Park.   Title/Year: The City to Sea Bridge (1992-1993): Whales, Birds, Patiki (flounder), Upright Pous, Fish (near lagoon). Artist: John Gray/Rewi Thompson/Para Matchitt. Consists of Concrete, wood,",1,No., ,0,0,2006-08-07T00:00:00.000Z,City to Sea Bridge,Para Matchitt,1992, ,no,{C14484BC-8796-4A48-A8D4-916BC5E13966}
174.777868,-41.28898895,6,0,P-Sculpture,PSCU,22,1321109,P1019,Civic Centre Complex,7000244,"Civic Square and Harris St.   Title/Year: Nikaus (17 individual trees). Artist: Ian Athfield. Consists of Copper, zinc and steel.",17,No., ,0,0,2006-08-07T00:00:00.000Z,Nikaus,Ian Athfield,1991, ,no,{415E9375-1489-46F5-AFDE-98F654E9FEDF}
174.7767735,-41.28885063,7,0,P-Sculpture,PSCU,23,1321114,P1019,Civic Centre Complex,7000249,"Civic Square.   Title/Year: Seven Steps to Heaven / Sea to Sky (2000). Artist: Mary Louise Brown. Consists of Basalt/granite. Origin/Provenance: Civic Square development project.  Comments: Creative Places Award, WCC and Summer City 1998.  Presented",1,No., ,0,0,2006-08-07T00:00:00.000Z,Seven Steps to Heaven/Sea to Sky,Mary Louise Brown,2000, ,no,{D7EE84D7-8366-4000-81DB-D61F53B844CB}
174.7766809,-41.28860247,8,0,P-Sculpture,PSCU,24,1321111,P1019,Civic Centre Complex,7000246,Title/Year: Silent People 1991: Five columns of boulders. Artist: Chris Booth. Consists of Taranaki Andesite boulders and Galvanised steel rods.,1,No., ,0,0,2006-08-07T00:00:00.000Z,Silent People,Chris Booth,1991, ,no,{E9C3415D-00DE-4258-8EC8-D72177BC2762}
174.7782308,-41.2889891,9,0,P-Sculpture,PSCU,27,1321107,P1019,Civic Centre Complex,7000242,"Adjacent to City to Sea bridge.  Title/Year: Reflected Pools (1991): Three seats surrounding lawn area. Artist: Charlotte Fisher. Consists of Wood, paving, grass.",1,No., ,0,0,2006-08-07T00:00:00.000Z, The Pool,Fisher,1994, ,no,{5BB4CEA5-018A-4C9E-AAD7-9A1209F48D7B}
174.778545,-41.27882442,10,0,P-Sculpture,PSCU,42,1384455,R0226,Bunny St,7000131,Bunny Street/Lambton Quay.   Title/Year: Bunny Street Sculptural Sign - Buzzy Bee (2006). Artist: Designed by Hugh Nicholson (WCC) Built by Bob Sharpe (Citi-Ops). Consists of Painted sculpture made of aluminium mounted on sign base.,1,No., ,0,0,2006-08-07T00:00:00.000Z,Buzzy Bee Sculptural Sign,"Hugh Nicholson, Bob Sharpe",2006, ,no,{06CFD6E5-56C8-4F68-B2E4-B8AA2675DEBA}
174.7755541,-41.28445079,11,0,P-Sculpture,PSCU,55,1321138,R0619,Grey St,7000124,Lambton Quay/Grey St.   Title/Year: Invisible City (2003). Artist: Anton Parsons. Consists of Satin polished steel. Origin/Provenance: Joint Venture funded by the Wellington Sculpture Trust.  The Jack & Emma Griffin Charitable Trust commissioned by t,1,No., ,0,0,2006-08-07T00:00:00.000Z,Invisible City,Anton Parsons,2003, ,no,{84AF59D5-7730-4756-BA1B-35A0BB0FD61F}
174.7755296,-41.28439522,12,0,P-Sculpture,PSCU,56,1320928,R0619,Grey St,9900100,Lambton Quay/Grey Street intersection.   Title/Year: Walk to the Water Sculptural Sign - Stylised Waka (1999 - 2000). Artist: Designed by Drex (well known Graffiti artist) Built by Bob Sharpe (Citi-Ops). Consists of Sculpture mounted on sign base.,1,No., ,0,0,2006-08-07T00:00:00.000Z,Walk to the Water Sculptural Sign,"Jerry Luhman, Bob Sharpe",2000, ,no,{B6AB36EE-5F1D-40A0-8F79-03082C06F6C8}
174.7758294,-41.28543599,13,0,P-Sculpture,PSCU,60,1316145,R0857,Lambton Quay,7000314,"""Protoplasm"" (2002) sculpture with a moveable yellowish-green discs mounted on a pole.  On corner of Hunter St and Lambton Quay. Sculpture Phil Price.  Consists of carbon fibre and steel.  Origin/Provenance: Joint Venture between the Wellington Sculp",1,No., ,0,0,2006-08-07T00:00:00.000Z,Protoplasm,Phil Price,2002, ,no,{BEFC6B7C-1B23-4F52-BDFD-85D49546C8F9}
174.7762362,-41.28186866,14,0,P-Sculpture,PSCU,61,1315291,R0857,Lambton Quay,7000307,"On the corner of Waring Taylor St/Lambton Quay a large shell  with a plaque ""Shells"" by Jeff Thomson Nov 2002 Funded by the Jack and Emma Griffin Charitable Trust commissioned by the Wellington Sculpture Trust in parternership with the WCC with the s",1,No., ,0,0,2006-08-07T00:00:00.000Z,Shells,Jeff Thomson,2002, ,no,{E7A6BAB4-6EC3-411B-AA22-8AD45B2935DA}
174.7758465,-41.28525307,15,0,P-Heritage Item,PHER,54,1321135,R0522,Featherston St,7000125,"Featherston St and Lambton Quay.   Title/Year: 1888.  Consists of Lamp post and plaque. Origin/Provenance: Presented by Samuel Brown, Mayor of Wellington.  Comments: Commemorates the lighting of the city by electricity.",1,No., ,0,0,2006-08-07T00:00:00.000Z,Lamp Post, ,1888, ,no,{C855ADCD-66F9-4AAD-A9EA-8F8A366655FC}
174.7773043,-41.28482199,16,0,P-Sculpture,PSCU,71,1321119,R1781,Post Office Sq,7000131,French Telephone Booth.   Title/Year: De l'Autre Cote (On the Other Side). Artist: Elie Cristiani (France).  Comments: Hear and experience anonymous sounds of life and nature on the other side of the world (Corsica).,1,No., ,0,0,2006-08-07T00:00:00.000Z,De lautre Cote,Elie Cristiani,2001, ,no,{35D1AAF4-769C-4AED-AB79-E33B618C46FC}
174.777317,-41.28492741,17,0,P-Sculpture,PSCU,72,1380138,R1781,Post Office Sq,7000133,"""SkyBlues"" seven upright steel poles and blue neon spirals at Post Office Square.",1,No., ,0,0,2006-08-07T00:00:00.000Z,Sky Blues,Bill Culbert,2006, ,no,{FC7DCF6D-E580-4CF2-8148-42850F1047CC}
174.775988,-41.28908086,18,0,P-Sculpture,PSCU,68,R159007000105.0,R1590,Victoria St,7000105,"Sculpture bronze - 'Great Head'   sited on pedestal between two low raised  beds, Artist Terry Stringer.  Origin: Wellington City Council Art Bonus Scheme.",1,No., ,0,0,1899-12-30T00:00:00.000Z,Great Head,Terry Stringer,1986, ,no,{CDE43F88-E045-4CE5-8AB1-94B31A78C73D}
174.7682701,-41.28434782,19,0,P-Mon.&Memorial-Other,PMME,5,P073307000111.0,P0466,Botanical Gardens of Wellington,7000805,The Krupp Gun (WW1).located beside the Dominion Observatory,1,No., ,0,0,1899-12-30T00:00:00.000Z,Krupp Gun, ,1914, ,no,{95CC456F-D3C2-45BC-ADBD-1CA5C6F72353}
174.7751702,-41.28199794,20,0,P-Sculpture,PSCU,69,1321149,R1683,Woodward St,7000122,Title/Year: Spinning Top (2002). Artist: Robert Jahnke. Consists of Stainless steel. Origin/Provenance: Joint Venture between the Wellington Sculpture Trust.  The Jack & Emma Griffin Charitable Trust and WCC.  Plaque - bronze plaque beside the sculpt,1,No., ,0,0,2005-08-23T00:00:00.000Z,Spinning Top,Robert Jahnke,2002, ,no,{EA4CF662-44EE-4296-AF76-0924B962326B}
174.8096751,-41.32574464,21,0,P-Sculpture,PSCU,43,1321130,R0252,Calabar Rd (Transit),7000183,"Airport Roundabout.   Title/Year: Down Under Lady (2000). Artist: Paul Dibble. Consists of Bronze, concrete plinth. Origin/Provenance: Commissioned by Isabella, Madeleine, Ottilie, Vita and Elliot Morrison (IMOVE) via Wellington Sculpture Trust.",1,No., ,0,0,1899-12-30T00:00:00.000Z,Lady Down Under,Paul Dibble,1999, , ,{32DCF5D6-2957-453A-892F-DB93790976F9}
174.8041988,-41.31696761,22,0,P-Sculpture,PSCU,46,1339598,R0351,Cobham Dr (Transit),7000290,"""Tower of Light"" (2005) - (Wind Sculpture with spinning top and multi coloured neon rings.  Artist: Andrew Drummond; Origin/Provenance: Wellington Sculpture Trust, sponsored by Meridan Energy.",1,No., ,0,0,1899-12-30T00:00:00.000Z,Tower of Light,Andrew Drummond,2005, , ,{CB91FAFA-0F71-4D86-8F6C-4F9A794D4A26}
174.7961952,-41.31217217,23,0,P-Sculpture,PSCU,45,1316144,R0351,Cobham Dr (Transit),7000272,"""Zephyr O Meter"" (2003) - a long orange spike that pivots 22.5 degrees in any direction and is attached to a black concrete base. Artists: Phil Price. On the corner of Cobham Drive and Evans Bay Parade.  Consists of carbon fibre.  Origin/Provenance:",1,No., ,0,0,1899-12-30T00:00:00.000Z,Zephyrometer,Phil Price,2000, , ,{1B4AD80F-2BFC-4622-A9F2-7469EB6A5233}
174.835603,-41.3231624,24,0,P-Sculpture,PSCU,58,1338975,R0676,Hector St,7000154,Lifestream Seaform.  Three metre high stainless steel sculpture of the tail of a fish atop a colum of seaweed and representing the journey through life. Artist: Roger Thompson.  Method of Aquisition: Donated by Elizabeth Maddle,1,No., ,0,0,1899-12-30T00:00:00.000Z,Lifestream Seaform,Roger Thompson,2005, , ,{6E3B84F0-ED09-4594-809A-DF961E79E38B}
174.7797459,-41.24673961,25,0,P-Mon.&Memorial-Other,PMME,59,R081707000106,R0817,Khandallah Rd,7000106,"Concrete horse trough, historical significance",1,No., ,0,0,1899-12-30T00:00:00.000Z,HorseTrough, , , , ,{FCE088BC-9AA7-4C70-9584-665D293ABB75}
174.7759033,-41.2820655,26,0,P-Sculpture,PSCU,70,1321148,R1683,Woodward St,7000121,"Title/Year: Woodward Street Sculptural Sign (1999 - 2000). Artist: Designed by Drex (well known Graffiti artist) Built by Bob Sharpe (Citi-Ops). Consists of Sculpture mounted on sign base. Comments: Stylised raupo, eels and eel traps.",1,No., ,0,0,1899-12-30T00:00:00.000Z,Woodward Street Sculptural Sign,"Jerry Luhman, Bob Sharpe",2000, ,no,{547347B5-402A-4BAA-A5F0-19135B46C3FD}
174.8251638,-41.16968976,27,0,P-Sculpture,PSCU,73,1321150,R1973,Main Rd,7000296,"Title/Year: Kereru sculpture (2000). Artist: Kingsley Baird.   (The tall trunk of the sculpture is copper wound similar to the Civic Centre nikau palms)   Copper plaque at the base of the sculpture "" This sculpture is named after the native wood pige",1,No., ,0,0,1899-12-30T00:00:00.000Z,Keruru,Kingsley Baird,2000, , ,{236A9533-FD24-4660-A234-46144D02FE08}
174.7940116,-41.2965176,28,0,P-Mon.&Memorial-Other,PMME,15,P050707000101,P0507,Mt Victoria Lookout / Byrd Memorial,7000101,"Cannon, situated halfway up path to the lookout, set on a slate tile base.  Made by the Carron Company in 1813 (Scotland) - positioned 1877.",1,No., ,0,0,1899-12-30T00:00:00.000Z,Mt Victoria Cannon, , , , ,{DFD65CF6-CAF0-4B80-9005-5AB5FB86D3F0}
174.7781488,-41.28844282,29,0,P-Sculpture,PSCU,19,1321099,P1019,Civic Centre Complex,7000234,Jack Illot Green/Circa site.   Title/Year: Axis of the Gate of Serendipity - the four winds (1997). Artist: Bruce Campbell. Consists of Oamaru Stone. Origin/Provenance: History uncertain. May be on permanent loan from artist.,1,No., ,0,0,1899-12-30T00:00:00.000Z,Axis of the Gate of Serendipity,Bruce Campbell,1997, ,no,{E9340CB1-85EC-4431-B0DA-D9CF69B8307D}
174.816151,-41.31639608,30,0,P-Sculpture,PSCU,31,P108907000107,P1089,Miramar Branch Library,7000107,Title/Year: Cat (1997). Artist: Kerk Taylor. Consists of Oamaru Stone.,1,No., ,0,0,1899-12-30T00:00:00.000Z,The Cat,Kerk Taylor,1997, , ,{5BFAB92B-CD96-415A-83ED-B6AA5AFA11F4}
174.7508495,-41.27983318,31,0,P-Sculpture,PSCU,30,1317101,P1141,Karori Cemetery,7000757,"Garden of Remembrance - Landscape features and amenities. Stone ""Remembrance"" (1997) sculpture in centre of shrub bed and brick paved area.  Artist: Grant Bunyan.  Donated to the citizens of Wellington by Denis and Verna Adam.",1,No., ,0,0,1899-12-30T00:00:00.000Z,Remembrance,Grant Bunyan,1997, ,no,{F10B9C21-4181-4018-B6C0-87CD459B94CF}
174.8345962,-41.32209287,32,0,P-Mon.&Memorial-Memorial,PMME,32,P120807000125.0,P1208,Churchill Park and Play Area,7000125,Wahine Memorial (1993).  Anchor and propeller from the Wahine laid out on front of memorial. Attacted to a concrete berm.,1,No., ,0,0,1899-12-30T00:00:00.000Z,Wahine Memorial,Peter Kundycki,1993, , ,{3F5C56FE-DD73-42AC-A50F-04F808B2F7E1}
174.7753614,-41.28426238,33,0,P-Sculpture,PSCU,39,1321124,P2067,Cable Car Lane Terminal,7000105,Cable Car Lane/Lambton Quay.   Title/Year: Cable Car Lane Sculptural Sign - early 20th Century Cable Car (2002). Artist: Designed by Hugh Nicholson (WCC) Built by Bob Sharpe (Citi-Ops). Consists of Painted sculpture made of aluminium mounted on sign,1,No., ,0,0,1899-12-30T00:00:00.000Z,Cable Car Sculptural Sign,"Hugh Nicholson, Bob Sharpe",2002, ,no,{0C63A2C1-8BAF-45CF-BA2D-F132D2E01D71}
174.776755,-41.26270498,34,0,P-Sculpture,PSCU,40,1321127,P2127,Wadestown Library,7000100,Wadestown Library - Moorehouse St.   Title/Year: The Floating Sea Shell Pacific. Artist: Lorraine Polglase. Consists of White Takaka marble on concrete pad. Origin/Provenance: Wellington Sculpture Trust. Sculpted during the 1999 Tareitanga symposium,1,No., ,0,0,1899-12-30T00:00:00.000Z,The Floating Sea Shell,Lorraine Polglase,1999, , ,{CD327ADF-B38B-4981-B53A-8F43437E5326}
174.7754327,-41.27842227,35,0,P-Sculpture,PSCU,41,1320874,R0184,Bowen St,9900100,"Site of  former Broadcasting House.   Title/Year: Kaiwhakatere, the Navigator (1999) . Artist: Brett Graham. Consists of Black granite cobblestone on reinforced concrete. Mortar and polyester putty. Comments: Three sculptures: waka, manu and tuahu -",1,No., ,0,0,1899-12-30T00:00:00.000Z,Kaiwhakatere, Graham B,2000, ,no,{BF351E0F-3C4D-42E6-B0B4-F43A8BB83A6E}
174.7778621,-41.28876747,36,0,P-Sculpture,PSCU,AM7-26,1321109,P1019,Civic Centre Complex,7000244,"Civic Square and Harris St.   Title/Year: Nikaus (17 individual trees). Artist: Ian Athfield. Consists of Copper, zinc and steel.",17,No., ,0,0,2006-08-07T00:00:00.000Z,Nikaus,Ian Athfield,1991, ,no,{C0639885-20A7-4863-94C6-6BDCDB06370D}
174.7777614,-41.28849529,37,0,P-Sculpture,PSCU,AM7-26,1321109,P1019,Civic Centre Complex,7000244,"Civic Square and Harris St.   Title/Year: Nikaus (17 individual trees). Artist: Ian Athfield. Consists of Copper, zinc and steel.",17,No., ,0,0,2006-08-07T00:00:00.000Z,Nikaus,Ian Athfield,1991, ,no,{C9DC968A-1297-4AFD-8BE5-9F4307570DCA}
174.777707,-41.28839967,38,0,P-Sculpture,PSCU,AM7-26,1321109,P1019,Civic Centre Complex,7000244,"Civic Square and Harris St.   Title/Year: Nikaus (17 individual trees). Artist: Ian Athfield. Consists of Copper, zinc and steel.",17,No., ,0,0,2006-08-07T00:00:00.000Z,Nikaus,Ian Athfield,1991, ,no,{BFDD5711-EF37-4195-8B62-0001F99C8BAC}
174.7774404,-41.28812744,39,0,P-Sculpture,PSCU,AM7-26,1321109,P1019,Civic Centre Complex,7000244,"Civic Square and Harris St.   Title/Year: Nikaus (17 individual trees). Artist: Ian Athfield. Consists of Copper, zinc and steel.",17,No., ,0,0,2006-08-07T00:00:00.000Z,Nikaus,Ian Athfield,1991, ,no,{3E7E2E86-BB58-4860-946E-662DCB903164}
174.7773664,-41.28807383,40,0,P-Sculpture,PSCU,AM7-26,1321109,P1019,Civic Centre Complex,7000244,"Civic Square and Harris St.   Title/Year: Nikaus (17 individual trees). Artist: Ian Athfield. Consists of Copper, zinc and steel.",17,No., ,0,0,2006-08-07T00:00:00.000Z,Nikaus,Ian Athfield,1991, ,no,{7C90BB30-D030-41CD-9D49-04A34BC5F8B4}
174.7772892,-41.28802809,41,0,P-Sculpture,PSCU,AM7-26,1321109,P1019,Civic Centre Complex,7000244,"Civic Square and Harris St.   Title/Year: Nikaus (17 individual trees). Artist: Ian Athfield. Consists of Copper, zinc and steel.",17,No., ,0,0,2006-08-07T00:00:00.000Z,Nikaus,Ian Athfield,1991, ,no,{A67BEB04-98AF-4674-9CE3-FC84C475E7D9}
174.7772358,-41.2879795,42,0,P-Sculpture,PSCU,AM7-26,1321109,P1019,Civic Centre Complex,7000244,"Civic Square and Harris St.   Title/Year: Nikaus (17 individual trees). Artist: Ian Athfield. Consists of Copper, zinc and steel.",17,No., ,0,0,2006-08-07T00:00:00.000Z,Nikaus,Ian Athfield,1991, ,no,{1FF931A9-D26F-4B56-9DB0-87D72755A6AC}
174.7771748,-41.2879493,43,0,P-Sculpture,PSCU,AM7-26,1321109,P1019,Civic Centre Complex,7000244,"Civic Square and Harris St.   Title/Year: Nikaus (17 individual trees). Artist: Ian Athfield. Consists of Copper, zinc and steel.",17,No., ,0,0,2006-08-07T00:00:00.000Z,Nikaus,Ian Athfield,1991, ,no,{91FB08C0-FA80-43E8-98C4-EEFCB57DCF76}
174.7770449,-41.28789105,44,0,P-Sculpture,PSCU,AM7-26,1321109,P1019,Civic Centre Complex,7000244,"Civic Square and Harris St.   Title/Year: Nikaus (17 individual trees). Artist: Ian Athfield. Consists of Copper, zinc and steel.",17,No., ,0,0,2006-08-07T00:00:00.000Z,Nikaus,Ian Athfield,1991, ,no,{2EC58D5B-FAC3-48E9-B9C1-AF544D679C86}
174.7771039,-41.28791586,45,0,P-Sculpture,PSCU,AM7-26,1321109,P1019,Civic Centre Complex,7000244,"Civic Square and Harris St.   Title/Year: Nikaus (17 individual trees). Artist: Ian Athfield. Consists of Copper, zinc and steel.",17,No., ,0,0,2006-08-07T00:00:00.000Z,Nikaus,Ian Athfield,1991, ,no,{7BCA8358-1169-4E15-AD62-2FF6CFFF5119}
174.7769109,-41.28784572,46,0,P-Sculpture,PSCU,AM7-26,1321109,P1019,Civic Centre Complex,7000244,"Civic Square and Harris St.   Title/Year: Nikaus (17 individual trees). Artist: Ian Athfield. Consists of Copper, zinc and steel.",17,No., ,0,0,2006-08-07T00:00:00.000Z,Nikaus,Ian Athfield,1991, ,no,{CA564120-DA37-4F96-81FD-CE0CC6F2F9E2}
174.7768557,-41.28782964,47,0,P-Sculpture,PSCU,AM7-26,1321109,P1019,Civic Centre Complex,7000244,"Civic Square and Harris St.   Title/Year: Nikaus (17 individual trees). Artist: Ian Athfield. Consists of Copper, zinc and steel.",17,No., ,0,0,2006-08-07T00:00:00.000Z,Nikaus,Ian Athfield,1991, ,no,{F3E7A274-EC97-4AA7-AB92-9E494418ADB8}
174.7767924,-41.28781098,48,0,P-Sculpture,PSCU,AM7-26,1321109,P1019,Civic Centre Complex,7000244,"Civic Square and Harris St.   Title/Year: Nikaus (17 individual trees). Artist: Ian Athfield. Consists of Copper, zinc and steel.",17,No., ,0,0,2006-08-07T00:00:00.000Z,Nikaus,Ian Athfield,1991, ,no,{D1306212-FA38-4DED-9B93-2A82C291E27C}
174.7767272,-41.28778761,49,0,P-Sculpture,PSCU,AM7-26,1321109,P1019,Civic Centre Complex,7000244,"Civic Square and Harris St.   Title/Year: Nikaus (17 individual trees). Artist: Ian Athfield. Consists of Copper, zinc and steel.",17,No., ,0,0,2006-08-07T00:00:00.000Z,Nikaus,Ian Athfield,1991, ,no,{8323176F-73B3-4B81-8459-8730E231D103}
174.776986,-41.28787029,50,0,P-Sculpture,PSCU,AM7-26,1321109,P1019,Civic Centre Complex,7000244,"Civic Square and Harris St.   Title/Year: Nikaus (17 individual trees). Artist: Ian Athfield. Consists of Copper, zinc and steel.",17,No., ,0,0,2006-08-07T00:00:00.000Z,Nikaus,Ian Athfield,1991, ,no,{B15EF842-B0DC-4C96-85F3-A8BC9F80CBEA}
174.7766697,-41.28776467,51,0,P-Sculpture,PSCU,AM7-26,1321109,P1019,Civic Centre Complex,7000244,"Civic Square and Harris St.   Title/Year: Nikaus (17 individual trees). Artist: Ian Athfield. Consists of Copper, zinc and steel.",17,No., ,0,0,2006-08-07T00:00:00.000Z,Nikaus,Ian Athfield,1991, ,no,{0A1CF2E4-E97A-443D-8473-2D32A0DEF37B}
174.7774987,-41.28887384,52,0,P-Sculpture,PSCU,AM7-27,1321110,P1019,Civic Centre Complex,7000245,"Entrance to City to Sea bridge.   Title/Year: Prow. Artist: Matt Pine. Consists of Oamaru Stone, black plaque.",1,No., ,0,0,2006-08-07T00:00:00.000Z,Capital and Prow,M Pine,1991, ,no,{DEB060B3-BCFD-4A91-85DE-3D299D9BB8FB}
174.7908989,-41.29055598,53,0,P-Sculpture,PSCU, ,1375828,R1147,Oriental Pde,7000261,"The Tail of the Whale - a bronze sculpture cast in Palm Springs, California and donated to the City of Wellington by New Zealand-born sculptor Colin Webster-Watson. Situated on a plinth on Fitzgerald Point, between Oriental Bay Beach & Freyberg Beach",1,No., ,0,0,1899-12-30T00:00:00.000Z,TheTail of the Whale,Colin Webster-Watson,2005, ,no,{8E580CAE-4E5A-4BD4-901B-1F147D4E1CD5}
174.7928972,-41.29112019,54,0,P-F&F (O/Dr)-Other,PFFO, ,1372859,R1147,Oriental Pde,7000260,Stingray and Kina (Sea Urchin) bronze cast shower and footwash on the centre of steps to the main area on Oriental Bay Beach.,2,No., ,0,0,1899-12-30T00:00:00.000Z,Stingray and Kina,P. Kundycki/J. Campbell,2006, , ,{9E4F704C-EEE7-40B4-B589-791B6F0B097D}
174.7824426,-41.29156094,55,0,P-Sculpture,PSCU, ,1393330,R0246,Cable St,7000120,"Per Capita Sculpture. Artist: Cathryn Munro, Material: Weathered Steel, Date: 2006, Location: Corner of Cable & Tory Streets.",4,No., ,0,0,, , , , , ,{C739E231-F234-4363-B0EC-964CFB06A020}
174.7986715,-41.31360755,56,0,P-Sculpture,PSCU, ,1380139,R0351,Cobham Dr (Transit),7000311,"""Urban Forest"" - ""The forest"" consists of three, nine metre-high stacks of brightly coloured wind - spinning aluminium cubes attached to steel tubes. Plaque APW   at the base of the sculpture "" Wellington Urban Forest. Leon van den Eijkel; In collabo",1,No., ,0,0,,Urban Forest, , , , ,{30341BA6-EAB0-4D3B-B537-23D928A4DC99}
174.7500533,-41.34846318,57,0,P-Sculpture,PSCU, ,1417244,P2327,Owhiro Bay Quarry,7000125,"Frenzy. Title/Year: Frenzy 2007. Artist: Colin Webster-Watson.  Comments: Stylised bronze shark, 4m long. Gifted to WCC in 2007. Cast in Rome in the 1970's.",1,No., ,0,0,, , , , , ,{BFE2768E-2C7E-4F45-B3C1-FACE8731D7FE}
174.7383883,-41.28461102,58,0,P-Mon.&Memorial-Other,PMME, ,1425603,P2326,Old Karori Community Centre,7000127,A concrete/stone plinthe at the seating area adjacent to Karori Rd.,1,No., ,0,0,, , , , , ,{F9CB2270-9FB7-43BD-8555-B5DF1ED4982B}
174.768941,-41.28009659,59,0,P-Sculpture,PSCU, ,1428356,P0466,Botanical Gardens of Wellington,7003060,"Green Islands Sculpture (2008). Artist: Regan Gentry. 4 metal sculptures on zig zag path between rose garden and herb garden. consisting of wire flax, toe-toe, cabbage tree and pohutakawa.",4,No., ,0,0,, , , , , ,{4CE904ED-CF9C-4A54-8F55-17F886F72E1E}
174.7690943,-41.2800836,60,0,P-Sculpture,PSCU, ,1428356,P0466,Botanical Gardens of Wellington,7003060,"Green Islands Sculpture (2008). Artist: Regan Gentry. 4 metal sculptures on zig zag path between rose garden and herb garden. consisting of wire flax, toe-toe, cabbage tree and pohutakawa.",4,No., ,0,0,, , , , , ,{63C1D5AF-EF1D-4238-8FBC-4B64BFD6B143}
174.7688981,-41.28018126,61,0,P-Sculpture,PSCU, ,1428356,P0466,Botanical Gardens of Wellington,7003060,"Green Islands Sculpture (2008). Artist: Regan Gentry. 4 metal sculptures on zig zag path between rose garden and herb garden. consisting of wire flax, toe-toe, cabbage tree and pohutakawa.",4,No., ,0,0,, , , , , ,{7794CEC5-6525-4158-BA76-7F787F41D12B}
174.8006618,-41.31499968,62,0,P-Sculpture,PSCU, ,1429929,R0351,Cobham Dr (Transit),7000321,"""Akau Tangi"" (2010): 10 painted steel poles with metal cones shaped like windsocks. Each cone moves in the wind, which drives LED lighting and tube flutes that make music. For full description see Confirm.",1,No., ,0,0,, , , , , ,{299A9696-9955-4F89-A2F3-B8B87A184697}
174.8342119,-41.3217794,63,0,P-Mon.&Memorial-Other,PMME, ,1323912,P1208,Churchill Park and Play Area,7000170,Concrete square memorial with metal plaque in front of the beach. The plaque has a drawing etched of an old map of Port Nicholson. Words faded.,1,No., ,0,0,, , , , , ,{061895CB-EFD5-4C51-9BA5-DDE370E682A5}
174.8347399,-41.32213445,64,0,P-Mon.&Memorial-Plaque,PMME, ,1324044,P1208,Churchill Park and Play Area,7000173,"Concrete square memorial on the east side of the anchor. ""Appreciation.  The memorial to this tragic incident in NZ Maritime history was dedicated on 10 April 1999, twenty five years after the distaster.",1,No., ,0,0,, , , , , ,{846E692F-6C48-48A9-BD75-D2B89763C4AA}
174.834441,-41.32201786,65,0,P-Mon.&Memorial-Other,PMME,10242004,P120807000126.0,P1208,Churchill Park and Play Area,7000126,6 metal (painted white Resene Sea Fog & red Resene Monza) cowl vents arranged around the perimeter of the memorial.,5,No., ,0,0,, , , , , ,{670CE72D-ECB9-4B44-9939-045CBB3F15BD}
174.834443,-41.322049,66,0,P-Mon.&Memorial-Other,PMME,10242004,P120807000126.0,P1208,Churchill Park and Play Area,7000126,6 metal (painted white Resene Sea Fog & red Resene Monza) cowl vents arranged around the perimeter of the memorial.,5,No., ,0,0,, , , , , ,{6B96A700-9C94-4C35-8411-4EA9EB4125EF}
174.8345516,-41.32210407,67,0,P-Mon.&Memorial-Other,PMME,10242004,P120807000126.0,P1208,Churchill Park and Play Area,7000126,6 metal (painted white Resene Sea Fog & red Resene Monza) cowl vents arranged around the perimeter of the memorial.,5,No., ,0,0,, , , , , ,{48481FA9-B698-42EF-99CB-2E2C5C42BD82}
174.8345406,-41.3221692,68,0,P-Mon.&Memorial-Other,PMME,10242004,P120807000126.0,P1208,Churchill Park and Play Area,7000126,6 metal (painted white Resene Sea Fog & red Resene Monza) cowl vents arranged around the perimeter of the memorial.,5,No., ,0,0,, , , , , ,{213A3928-CC1D-4F30-B339-C1FC20102F6A}
174.8342833,-41.32217037,69,0,P-Mon.&Memorial-Other,PMME,10242004,P120807000126.0,P1208,Churchill Park and Play Area,7000126,6 metal (painted white Resene Sea Fog & red Resene Monza) cowl vents arranged around the perimeter of the memorial.,5,No., ,0,0,, , , , , ,{34B5E381-7EEB-4614-BB61-CC24FB9662AA}
174.7404075,-41.28747383,70,0,P-Mon.&Memorial-Plaque,PMME,70001020,P047907000116.0,P0479,Ben Burn Park & Play Area,7000116,"Bronze Plaque embedded on the boundary wall along Campbell Street, near the step entranceway - inscription recorded in Confirm",1,No., ,0,0,, , , , , ,{D73BBEAB-B219-4A13-8B37-D9EEB4EE3537}
174.7391853,-41.28798597,71,0,P-Mon.&Memorial-Other,PMME,70001024,P047907000118.0,P0479,Ben Burn Park & Play Area,7000118,Ornamental wooden poles (x3) at entranceway from Beauchamp Street.,6,No., ,0,0,, , , , , ,{6C8BA777-7399-4C37-BEA5-DD620B8BD412}
174.8265687,-41.31398808,72,0,P-Mon.&Memorial-Memorial,PMME, ,1402837,R1360,Seatoun Heights Rd,7000112,Memorial rock set on a concrete base located in the grass at Seatoun Heights lookout.,1,No., ,0,0,, , , , , ,{4AE417AB-7A67-43C8-B537-5DEC575CFC3D}
174.7591476,-41.34447603,73,0,P-Sculpture,PSCU, ,1305403,P1341,Owhiro Bay and Sirens Rocks,7000128,Owhiro Bay  Carved stone Maori Head at Owhiro Bay Parade/Happy Valley Rd junction. Placed in the garden,1,No., ,0,0,, , , , , ,{A0A1A218-5C48-40CD-9E78-946CF63917F6}
174.7700427,-41.28166203,74,0,P-Sculpture,PSCU,7,1293066,P0466,Botanical Gardens of Wellington,7000283,"""Inner Form"" (1986, Wgtn 1988) sculpture - sculptor Henry Moore. On east hill overlooking rose garden and Anderson Park.  Origin/Provenance: Wellington Sculpture Trust under the Arts Bonus Scheme from Fletcher Devlopment and Construction Ltd.",1,No., ,0,0,2006-08-07T00:00:00.000Z,Inner Form,Henry Moore,1988, ,no,{744C14E1-952A-40A3-B80B-D311ED63C3A6}
174.7771529,-41.27915901,75,0,P-Mon.&Memorial-Memorial,PMME,36,1308566,P1764,The Cenotaph - War Memorial Reserve,7000135,"War memorial (""Cenotaph"") on the corner of Bowen St and Lambton Quay, including two bronze lions and horseman/horse at top of structure.  Artist: Richard Oliver Gross (England/NZ 1882-1964). Lions Origin/Provenance: Family of the late Tom James.",1,No., ,0,0,2006-08-07T00:00:00.000Z,The Cenotaph,Richard Oliver Gross,1931, ,no,{1373CC9E-1288-49EA-B7F4-F04E646539C4}
174.7765729,-41.29169129,76,0,P-Sculpture,PSCU,52,1321134,R0401,Cuba St,7000161,"Cuba Street at Manners Mall.   Title/Year: Umbrella (1997).  Consists of Steel, Aluminium. Comments: Original date: 1990, relocated from corner Cuba and Wakefield St to present location & aluminium replaced original fabric.",1,No., ,0,0,2006-08-07T00:00:00.000Z,Umbrella,Peter Kundycki,1990, ,no,{3455BAF3-B1E1-4C0E-ACF5-9C8AB805B9D2}
174.7768862,-41.29132988,77,0,P-Sculpture,PSCU,51,1321133,R0401,Cuba St,7000160,Cuba Mall/Manners Mall.   Title/Year: Cuba Mall Sculptural Sign - Exploding Box Syndrome (1999 - 2000). Artist: Designed by Drex (well known Graffiti artist) Built by Bob Sharpe (Citi-Ops). Consists of Sculpture mounted on sign base.,1,No., ,0,0,2006-08-07T00:00:00.000Z,Cuba Mall Sculpture Sign,"Drex, Bob Sharpe",1999, ,no,{C82BCB83-0D10-4DCB-BA9E-89A640A710D6}
174.7797179,-41.27971491,78,0,P-Sculpture,PSCU,16,1384456,P0719,"Railway Station Reserve, Bunny St",7000170,Railway Station  Title/Year: Railway Station Sculptural Sign - Train (2005). Artist: Designed by Hugh Nicholson (WCC) Built by Bob Sharpe (Citi-Ops). Consists of Painted sculpture made of aluminium mounted on sign base.,1,No., ,0,0,2006-08-07T00:00:00.000Z,Railway Station Sculpture Sign,"Hugh Nicholson, Bob Sharpe",2005, ,no,{3963DBDD-A63C-4C0B-BBC9-BFA8A0A9454A}
174.7693322,-41.28287616,79,0,P-Sculpture,PSCU,6,1293067,P0466,Botanical Gardens of Wellington,7000284,"""Body to Soul"" (1996) sculpture along Norwood Path - sculptor Mary Louise Browne.  Consists of black granite cobblestone.  Origin/Provenance: Wellington Sculpture Trust with help from Creative NZ and WCC.",1,No., ,0,0,1899-12-30T00:00:00.000Z,Body to Soul,Marie Lousie Brown,1996, ,no,{905559AB-F90D-4AAC-815F-3EDEE414A4DD}
174.7676389,-41.28154342,80,0,P-Sculpture,PSCU,8,1293040,P0466,Botanical Gardens of Wellington,7000255,"Large sculpture on Druids Hill - ""Listening and Viewing Device"" (1994).  Artist: Andrew Drummond.  Consists of copper and steel.  Origin/Provenance: Wellington Sculpture Trust with grants from Creative NZ and Wellington City Council.",1,No., ,0,0,1899-12-30T00:00:00.000Z,Listening and Viewing Device,Andrew Drummond,1994, ,no,{FF1D3C95-31B8-4835-865C-0D51DDB95844}
174.7700546,-41.2806544,81,0,P-Sculpture,PSCU,9,1292996,P0466,Botanical Gardens of Wellington,7000210,"Rasa Leela (2001) Dance of Life, Norwood Sculpture - Bronze sculpture on grass near peace flame in the Rose Gardens.",1,No., ,0,0,1899-12-30T00:00:00.000Z,Norwood Sculpture,Andrew De Boer,2001, ,no,{A541A2CB-E06A-401D-B31D-684D8079A28D}
174.7682142,-41.28132496,82,0,P-Sculpture,PSCU,10,1293031,P0466,Botanical Gardens of Wellington,7000246,"Stone water sculpture ""Peacemaker"" (1990) on grass beside Manuka driveway, down from Druid Hill.  Sculptor: Chris Booth.  Consists of boulders and steel.  Origin/Provenance: Wellington Sculpture Trust.",1,No., ,0,0,1899-12-30T00:00:00.000Z,Peacemaker,Chris Booth,1990, ,no,{344B9849-9ED2-4AF3-A04C-98381825131D}
174.7680808,-41.28199766,83,0,P-Sculpture,PSCU,11,1293041,P0466,Botanical Gardens of Wellington,7000256,"""Rudderstone"" (1997) sculpture beside Manuka Way driveway.  Half donation half  WCC funded.  Artist: Denis O'Connor.  Consists of black marble, Azul marble, and Carrara marble.  Origin/Provenance: Wellington Sculpture Trust.",1,No., ,0,0,1899-12-30T00:00:00.000Z,Rudderstone, Dennis O'Connor,1997, ,no,{89DAE6CE-1AEE-4498-9018-62C41592213A}
174.7834606,-41.29414646,84,0,P-Sculpture,PSCU,49,1375258,R0386,Courtenay Pl,7000227,"""Tripod"" a tribute to Wgtn's film industry. Cnr of Courtenay Pl & Cambridge Tce Plaque at the base "" Tripod by Weta W'shop. unveiled by Mayor of Wgtn K.Prendergast 17 Nov 2005. In recognition of the film and television industry. WCC Weta Workshop""",1,No., ,0,0,1899-12-30T00:00:00.000Z,Tripod,Weta Workshop,2005, ,no,{4EB11BB7-1974-4F59-972C-C0508E150C7F}
174.7800425,-41.29307103,85,0,P-Sculpture,PSCU,47,1321132,R0386,Courtenay Pl,7000215,"Courtenay Place (Centre of roadway between Tory to Taranaki Streets).   Title/Year: Punga Peke - New Life (2000). Artist: Mike Murray. Consists of Cast iron, patina.   Comments: 2 metal sculptures.",1,No., ,0,0,1899-12-30T00:00:00.000Z,Punga Peke,Mike Murray,2000, ,no,{C01B98E5-CB8F-4698-8D09-CA60C126D33B}
174.7791324,-41.29274144,86,0,P-Sculpture,PSCU,48,1290492,R0386,Courtenay Pl,7000179,"""Te Moana"" (2000) - carved sculpture in paved area, Nth end of Courtenay Pl.  Artist: Okiwi (Logan) Shipgood. White Kairuru marble, concrete base.  Origin/Provenance: Donated by Wgtn Sculpture Trust. Sculpted 1999 Tareitanga symposium Frank Kitts Pk",1,No., ,0,0,1899-12-30T00:00:00.000Z,Te Moana,Logan Shipgood,1999, ,no,{0BDA232A-EFEE-4437-B18D-8BC01692B98B}
174.7767285,-41.29160802,87,0,P-Mon.&Memorial-Plaque,PMME,50,1316197,R0401,Cuba St,7000154,Cuba Mall.   Title/Year: Wellington a Sri Chinmoy Peace Capital (2002).   Comments: Wellington joins the global family of Sri Chinmoy Peace Blossoms - significant and inspiring places around the world dedicated to world harmony.,1,No., ,0,0,1899-12-30T00:00:00.000Z,Wellington a Sri Chinmoy Peace Capital,Unknown,2002, ,no,{B8B1BEF0-C1A5-429F-9DE6-E6DCD0BDB4C2}
174.817763,-41.22998123,88,0,P-Mon.&Memorial-Memorial,PMME,63,R108307000104.0,R1083,Newlands Rd,7000104,Concrete memorial with a concrete slab leading up to it,1,No., ,0,0,1899-12-30T00:00:00.000Z,Newlands War Memorial, , , , ,{78C3B5BE-8DB3-40F2-AD35-5151416A44C9}
174.8127192,-41.34218855,89,0,P-Sculpture,PSCU,1,P020707000352,P0509,Moa Point,7000112,"Boulder sculpture just past the pound on Moa Point Rd on the south side (""Doo Doo's"").  Artist: Peter Kundycki.",1,No., ,0,0,1899-12-30T00:00:00.000Z,Doo Doos,Peter Kundycki,1998, , ,{CA64D25F-E283-470B-82C6-4B64EC51BA01}
174.7934689,-41.33826931,90,0,P-Sculpture,PSCU, ,1329428,P3347,Dorrie Leslie Park,7000125,"Moai statue overlooking the sea, and description plaque nearby.  Material: Hinuera Stone Artist: Tevo Pakarati. Protectosil Antigraffiti coating applied to statue. See photo for plaque detail, and attributes for other detail.",1,No., ,0,0,1899-12-30T00:00:00.000Z,Moai,Tevo Pakarati,2004, , ,{79E3A9F0-1C0C-4629-AD98-FEA31AA135B2}
174.7958829,-41.25578841,91,0,P-Mon.&Memorial-Memorial,PMME,13,1321093,P0491,Kaiwharawhara Park,7000134,Bronze plaque on stone/concrete plinth sited at the entranceway to the park from Hutt Road on the grass bank. Origin/Provenance: Wellington Historic Early Settlers.  Comments: For Clan Cameron,1,No., ,0,0,1899-12-30T00:00:00.000Z,Cairn to Scots, , , , ,{A61C673D-F01A-4297-845F-75013EF10AF3}
174.781926,-41.2974448,92,0,P-Mon.&Memorial-Memorial,PMME,33,P137107000120.0,P1371,Kent/Cambridge Terrace Reserve,7000120,"The Greek memorial (1991).  Artist: Michael Phanoulas. Consists of concrete, stone, marble, alloy flagpoles (2). 8 Brass Plaques.",1,No., ,0,0,1899-12-30T00:00:00.000Z,Greek Memorial, ,1991, ,no,{7FCD53E6-295C-4EDA-8843-D6C396F8F128}
174.7831907,-41.29522819,93,0,P-Mon.&Memorial-Statue,PMME,34,P137107000161.0,P1371,Kent/Cambridge Terrace Reserve,7000161,Queen Victoria Statue (1905).  Bronze on Aberdeen granite pedestal.  Artist: Alfred Drury.  Origin/Provenance:  Gifted in 1902 by the citizens of Wellington.,1,No., ,0,0,1899-12-30T00:00:00.000Z,Queen Victoria Statue,Alfred Drury,1905, ,no,{35AA9EB7-70F9-4FEA-85F7-2EB056AA5CC7}
174.773431,-41.24845499,94,0,P-Sculpture,PSCU,35,1290353,P1636,Cummings Park & Play Area,7000198,"Carved marble sulpture on grass beside bridge -Primordial Ancestors  by Ian Prior . Presented to the people of Ngaio by the Wellington Sculpture Trust. January 2000. Constructed by the Ngaio Progressive Association and the Wellington City Council""",1,No., ,0,0,1899-12-30T00:00:00.000Z,Primoridial Ancestors,Ian Prior,2000, , ,{A5FA97A1-176A-45E9-ADC5-94A6AD9D1396}
174.7384073,-41.2846185,95,0,P-Mon.&Memorial-Plaque,PMME, ,1425602,P2326,Old Karori Community Centre,7000126,A Plaque located in the seating area near Karori Rd entrance.,1,No., ,0,0,, , , , , ,{A545E69E-A1C6-4EC4-A343-D2835BA88C26}
174.7728451,-41.29700371,96,0,P-Sculpture,PSCU, ,1425460,R2204,Karo Drive,7000100,"Subject to Change Sculpture (2009) Karo Drive: Artist Regan Gentry: Funded through Wellington Sculpture Trust and NZTA. It comprises a replica of two walls of a heritage-style building,",1,No., ,0,0,, , , , , ,{A426BD72-66D8-4F5E-BF90-0CB88F4AB928}
174.768809,-41.28011563,97,0,P-Sculpture,PSCU, ,1428356,P0466,Botanical Gardens of Wellington,7003060,"Green Islands Sculpture (2008). Artist: Regan Gentry. 4 metal sculptures on zig zag path between rose garden and herb garden. consisting of wire flax, toe-toe, cabbage tree and pohutukawa.",4,No., ,0,0,, , , , , ,{76EADD99-D1FD-45EF-8AAB-E8890AC642DF}
174.8344646,-41.32202011,98,0,P-Mon.&Memorial-Other,PMME,10242004,P120807000126.0,P1208,Churchill Park and Play Area,7000126,5 metal (painted white Resene Sea Fog & red Resene Monza) cowl vents arranged around the perimeter of the memorial.,5,No., ,0,0,, , , , , ,{0FD57412-CAC8-48B6-98BD-3469EF5016A9}
174.8255404,-41.23127492,99,0,P-Mon.&Memorial-Memorial,PMME, ,1314247,P0637,Brandons Rock Inc Edgecombe St Play Area,7000116,Large rock on the hill above the play area. Access is up the reservoir driveway.,1,No., ,0,0,, , , , , ,{03F5A365-FB7B-4898-A915-C2E1C2D36997}
174.7704793,-41.30053971,100,0,P-Mon.&Memorial-Plaque,PMME, ,1296035,P1067,Nairn Street Park,7000153,"Metal plaque for Peter Harcourt - 1923 - 1995 Writer and broadcaster. He loved Wellington, his efforts helped save this park for our enjoyment.""",1,No., ,0,0,, , , , , ,{73605D62-93B1-45FE-B3AF-BE4CF7A7E609}
174.8281795,-41.15800562,101,0,P-Mon.&Memorial-Plaque,PMME, ,1311341,P1816,Tawa Cemetery,7000119,"Plaque in the bush area in the centre of the cemetery - ""Giving thanks to God, We remember the past Citizens of Tawa Combined Churches 28-10-1990""",1,No., ,0,0,, , , , , ,{C3DF5BF0-D4BB-4C89-AF8A-F03AEB987628}
174.7933502,-41.33826345,102,0,P-Sculpture,PSCU, ,1329428,P3347,Dorrie Leslie Park,7000125,"Moai statue overlooking the sea, and description plaque nearby.  Material: Hinuera Stone Artist: Tevo Pakarati. Protectosil Antigraffiti coating applied to statue. See photo for plaque detail, and attributes for other detail.",1,No., ,0,0,1899-12-30T00:00:00.000Z,Moai,Tevo Pakarati,2004, , ,{E7B10517-6335-48EE-AB85-582906C1351A}
174.7995523,-41.28860957,103,0,P-Sculpture,PSCU, ,1325291,P0410,Mt Victoria - Town Belt,7000377,Wellington Writers Walk - Large concrete typographic text sculpture on the bank behind the seats south of Raffaele's. Fiona Kidman and Barbara Anderson,1,No., ,0,0,, , , , , ,{4B1FC80D-FCE9-4A81-942A-68EE00BDA139}
174.7693373,-41.28100184,104,0,P-Sculpture,PSCU, ,1431897,P0466,Botanical Gardens of Wellington,7003066,Looking & Listening for the Sea (1992) Artist: Paul Dibble. Bronze sculpture on display inside the Begonia House. Donated by Sir Frank and Lady Nola Holmes.,1,No., ,0,0,, , , , , ,{D055BA34-0B5C-4BB0-9AD3-8CF723C3B294}
174.7758477,-41.29537479,105,0,P-Mon.&Memorial-Plaque,PMME, ,1435924,P0516,Cobblestone Park,7000289,Plaque located along the Southern edge of the park. Near the bottom of the steps.,1,No., ,0,0,, , , , , ,{39E02443-EB88-4CF3-89D0-89D84670D7EB}
174.7766839,-41.26258293,106,0,P-Mon.&Memorial-Plaque,PMME, ,1300445,P0471,Philip Myers Park,7000122,Bronze plaque set in concrete in front of seats. Donated by the Wadestown Highland Park and Wilton Hort. Society to mark its 75th Anniversary 1993 and in memory of Stan and Jean Reid.  Seats are in front of the shrub border  in front of the library,1,No., ,0,0,, , , , , ,{9B1B336E-3368-4049-982A-33352AA8B20B}
174.7757896,-41.28741598,107,0,P-Sculpture,PSCU, ,1434476,R0322,Chews Lane,7000100,Shangri-La (2011) - Chews Lane Binoculars. Details in attributes.,1,No., ,0,0,, , , , , ,{CEFB3EA4-3457-440A-B8F4-6F26FF196629}
174.7781593,-41.28850788,108,0,P-Sculpture,PSCU, ,1434386,P1019,Civic Centre Complex,7000255,"Rugby World Cup Sculpture (2011) -  Sculpture, cast in concrete of rugby players reaching for golden ball. Sculpture symbolises Wellington's geographical position, where the Tasman Sea & Pacific Ocean meet in Cook Strait.",1,No., ,0,0,, , , , , ,{5FB91412-911C-4310-826D-9961E14B6391}
174.8014799,-41.30265104,109,0,P-Mon.&Memorial-Plaque,PMME, ,1331589,P1777,Treasure Island / Kainui Reserve,7000152,Bronze plaque located on boulder above the play area.,1,No., ,0,0,, , , , , ,{D96E860F-05A1-4887-A0B8-3AF09E46A2F7}
174.7640161,-41.27670936,110,0,P-Mon.&Memorial-Memorial,PMME, ,1402143,P0513,Stellin Memorial Park,7000140,Memorial on the lookout Stellin Memorial Park.,1,No., ,0,0,, , , , , ,{4700B5B8-508A-4A6E-9B0A-9E16CDEB21DB}
174.7002639,-41.27603269,111,0,P-Mon.&Memorial-Other,PMME,70440528,P008407000110.0,P0084,Makara Cemetery,7000110,"Memorial on rock to victims of the Nazi holocaust, near the Orthodox Jewish chapel.""Lest we forget, This stone is dedicated to the memory of the six million jewish men,women and children who perished in the holocaust. 1938 - 1945.""",1,No., ,0,0,, , , , , ,{9154FA28-64CF-4BEF-826D-1C6CED07C132}
174.7026277,-41.27303711,112,0,P-Mon.&Memorial-Other,PMME, ,1435500,P0084,Makara Cemetery,7000675,Red Maori carved archway at the entrance to the Nga Iwi o te Motu area.,1,No., ,0,0,, , , , , ,{57D46056-4433-49CF-8C93-884851F5DB0C}
174.8213071,-41.34301607,113,0,P-Mon.&Memorial-Memorial,PMME, ,P020707000366,P0722,Tarakena Bay and Palmer Head,7000112,"Wahine Memorial Park stone with brass plaque and beside it a propellar off the Wahine.Plaque ""Wahine Memorial Park""",1,No., ,0,0,, , , , , ,{E7535E4C-9F30-4F1A-95CB-BDFD91614476}
174.7748285,-41.29336637,114,0,P-Sculpture, , ,1436199,P0515,Glover Park,7000188,"Title/Year: Everything is for the best, in this best of all possible worlds (2012).  Artist: Shane McGrath. Consists of metal legs with wooden top & copper domes.",1, , ,0,0,2012-03-28T00:00:00.000Z, ,Shane McGrath,2012, , ,{61406230-8CAE-427F-A780-B837A8EA6F31}
174.7792182,-41.29709613,115,0,P-Mon.&Memorial-Plaque,PMME, ,1393844,R1536,Tory St,7000101,"Plaque at the base of the kowhai tree in Tory St. ""Kowhai (Sophora microphylla)""",1,No., ,0,0,, , , , , ,{86BF7B96-0C3C-4BA2-B511-ED2A385703C8}
174.7742266,-41.27911831,116,0,P-Mon.&Memorial-Memorial,PMME, ,1311959,P1147,Bolton St Memorial Park,7000253,"Monument shaped like a book located beside the path and above the mass grave ""Early Settlers""",1,No., ,0,0,, , , , , ,{A6E8F9E1-A04A-4F36-A1A1-E0BA2F64AE93}
174.7718074,-41.27952169,117,0,P-Mon.&Memorial-Memorial,PMME,AM7-6,1321117,P1147,Bolton St Memorial Park,7000262,Kinross St entrance. Title/Year: Seddon Memorial (1910) Dedicated by Parliament and the people of NZ to the memory of Richard John Seddon P.C.L.L.D. Prime Minister from 1892-1906.,1,No., ,0,0,, , , , , ,{8B391EFE-363E-4E7A-85D7-9B0724E1EC7C}
174.7722852,-41.27892985,118,0,P-Mon.&Memorial-Plaque,PMME, ,1292315,P1147,Bolton St Memorial Park,7000187,Plaque in lawn beside Robertson Way - Site of the Sexton's Cottage,1,No., ,0,0,, , , , , ,{B3A09DFA-4F0E-43B9-80E1-75555587CE6F}
174.7730658,-41.27885063,119,0,P-Mon.&Memorial-Plaque,PMME,AM7-5,1321116,P1147,Bolton St Memorial Park,7000261,Bridge across motorway. Comments: Denis McGrath Bridge. Opened 6/7/78.,2,No., ,0,0,, , , , , ,{63E0864A-CD38-4F78-8874-E82371AC300F}
174.7798882,-41.27976946,120,0,P-Mon.&Memorial-Statue,PMME, ,1403746,P0719,"Railway Station Reserve, Bunny St",7000171,Statue of Mahatma Gandhi - donated to Wellington City by the People of India.,1,No., ,0,0,, , , , , ,{AE83B5AC-3765-49CE-B695-FC545682BBEA}
174.777968,-41.27867461,121,0,P-Mon.&Memorial-Plaque,PMME, ,1336480,P0485,Waititi Landing,7000112,Plaque on a timber plinth - See linked photo for plaque text.,1,No., ,0,0,, , , , , ,{CF8CBF6A-C6D5-4028-8221-3BF4FC837E65}
174.8019174,-41.30385001,122,0,P-Mon.&Memorial-Other,PMME, ,1429827,P1730,Patent Slip - 330 Evans Bay Parade,7000100,The Cog. Cast iron cog from the working engine of the Patent Slip. Diameter 4.5m. Cast in 1869.,1,No., ,0,0,, , , , , ,{BFFB493A-CA6F-45A1-8480-FBBA8A69343A}
174.8019412,-41.30388824,123,0,P-Mon.&Memorial-Other,PMME, ,1429828,P1730,Patent Slip - 330 Evans Bay Parade,7000101,2x original chain trolleys from the Patent Slip. 4 cast iron wheels and wooden top.,2,No., ,0,0,, , , , , ,{4E50125D-8EE9-48A8-AE43-87500FF50AC4}
174.82801,-41.1841122,124,0,P-Mon.&Memorial-Plaque,PMME,60563044,P182807000210.0,P1828,Willowbank Reserve & Play Area,7000210,"Memorial rock & brass plaque, has RSA logo at the top. In the grass area by the stream not far from the asphalt entrance to the picnic area. See attributes for plaque text.",1,No., ,0,0,, , , , , ,{805ACB5F-D8D7-4867-86AE-BEC10C1E5EC8}
174.7386363,-41.29589456,125,0,P-Mon.&Memorial-Plaque,PMME, ,1315074,P1404,Wrights Hill Reserve,7000141,"Plaque on the west side of the flat grass area beside the top carpark ""Wrights Hill Recreation Reserve Commemorate Plaque.",1,No., ,0,0,, , , , , ,{73BBCB1E-AA15-4773-A4A8-C2D9E2FC0BEB}
174.7727229,-41.25024306,126,0,P-Mon.&Memorial-Plaque,PMME,40181512,P037007000107,P0370,Awarua St/ Ngaio Station - Railway Land,7000107,"Memorial plaque set into rock wall, copper, ""commemorating the people of Ngaio who gave up their lives in the cause for freedom"" ""To the glory of God and in memory of the people of Ngaio who gave their lives in the cause of freedom"" .",1,No., ,0,0,, , , , , ,{FDBF9521-44C9-44EE-A63D-E320A12020B1}
174.7727372,-41.25024985,127,0,P-Mon.&Memorial-Plaque,PMME, ,1391766,P0370,Awarua St/ Ngaio Station - Railway Land,7000120,"Memorial plaque set into the rock retaining wall located below the other plaque in the paved area. :""names of armed forces who died 1939- 1945 unveiled at Ngaio in November 1993",1,No., ,0,0,, , , , , ,{CC3522E9-0964-4079-B026-AA7C35A63EA1}
174.8099178,-41.21098738,128,0,P-Mon.&Memorial-Plaque,PMME,30190512,P105807000135.0,P1058,John Walker Park & Play Area,7000135,"Plaque, bronze set into grass under sign of John Walker Park ""This natural reserve was donated by Bjorn Lund in the memory of Edward Irwin Wilson 1985""",1,No., ,0,0,, , , , , ,{D61E16FE-D0DC-42B4-AFD8-C5D8FAE06FCC}
174.8214266,-41.34173425,129,0,P-Mon.&Memorial-Memorial,PMME,10543022,P004607000101.0,P0046,Ataturk Memorial Historic Reserve,9000000,"Ataturk Memorial, large granite and marble structure.  Turkish Memorial to WW1.  Origin/Provenance: Ministry of Internal Affairs of Culture & Heritage.  (contact person Paul Riley 3852496)",1,No., ,0,0,, , , , , ,{7312855B-49D3-44BA-B7D1-ACA58AC9173E}
174.8377166,-41.18684056,130,0,P-Mon.&Memorial-Other,PMME, ,1323441,P1956,Grenada North Park and Play Area,7000343,"Rock beside the social centre with a plaque attached to it. "" To mark the 50th Jubilee of the Marist RLFC and in commemoration of deceased members. This stone was laid on 31st March 1997 by Trevor O'Dwyer Life Member.""",1,No., ,0,0,, , , , , ,{4CD1AA94-8AB9-4173-9CEA-F63041C263BD}
174.7906907,-41.30961888,131,0,P-Mon.&Memorial-Memorial,PMME, ,1301981,P0872,Hataitai Park,7000337,Memorial rock in 1/2 circle surrounded by 3 large rocks in the centre of the grass not far from the Badminton Hall. Plaque pink granite on the rock to the 19th NZ Infantry Battalion World War II.,1,No., ,0,0,, , , , , ,{7A5D881E-D40C-4839-BB49-A1AF13718287}
174.743376,-41.26518747,132,0,P-Sculpture,PSCU, ,1440105,P3135,Otari Farm Reserve,7000118,Historic fireplace along the skyline walkway between the cemetery link track and chartwell track,1,No., ,0,0,, , , , , ,{B2A69B84-2241-4E60-B801-19EDB92B4CD0}
174.7584652,-41.26754668,133,0,P-Sculpture,PSCU, ,1291828,P0549,Otari Wiltons Bush,7000256,"Carved Waharoa (gateway) at entrance to Otari from Main carpark, off Wilton Road - 3m wide and 3m tall",1,No., ,0,0,, , , , , ,{7007DF28-9F26-438F-A1A4-44745F81B164}
174.7568942,-41.26770282,134,0,P-Sculpture,PSCU, ,1291936,P0549,Otari Wiltons Bush,7000364,"Waharoa Tane Mahuta (gateway) - 1998.  At the west entrance to the canopy walkway, near cockayne lawn  - carved by Bryce Manu of Te Atiawa",1,No., ,0,0,, , , , , ,{25B95567-0A14-4B23-979F-2A3C8C0DAF11}
174.7942903,-41.29607166,135,0,P-Mon.&Memorial-Plaque,PMME, ,1386824,P0507,Mt Victoria Lookout / Byrd Memorial,7000139,Plaque on the floor of the Lookout at the base of the boulder Mt Victoria Summit.,1,No., ,0,0,, , , , , ,{E02DBDA7-8E3F-4628-9B03-EFD0DEA19E09}
174.7856509,-41.25128273,136,0,P-Mon.&Memorial-Memorial,PMME, ,1313606,P1623,Nairnville Park & Play Area,7000295,White stone sculpture in Nairnville Park play area. It is a millennium seat.,1,No., ,0,0,, , , , , ,{EF72718F-F8F8-4D1D-BA71-36373D05759A}
174.8282824,-41.16463307,137,0,P-Mon.&Memorial-Plaque,PMME,60403014,P181407000179.0,P1814,Grasslees Reserve,7000179,"Plaque inset into shrub garden wall - marble, 'Dr Brian Webb Memorial Rose Garden'.(words are fading)",1,No., ,0,0,, , , , , ,{B70026B3-6407-4F07-ACA8-38BD4D5A0417}
174.803887,-41.22201056,138,0,P-Mon.&Memorial-Plaque,PMME, ,1322832,P0493,Johnsonville Memorial Park & Play Area,7000135,"Marble plaque attached to the brick wall beside the main entrance gates, on the right as you face the gates.",1,No., ,0,0,, , , , , ,{65B3D0D2-3065-4422-B43B-0B707062FA7D}
174.8309705,-41.15708334,139,0,P-Mon.&Memorial-Plaque,PMME, ,1312140,P1869,Duncan Park & Play Area,7000185,"Plaque in the circle garden left side of the driveway entrance ""In memory of Grace Dawson 1896 - 1992""",1,No., ,0,0,, , , , , ,{AA23B3D2-2BA5-462E-AF2D-54538BF1DFF4}
174.7995579,-41.28859001,140,0,P-Mon.&Memorial-Plaque,PMME,20272016,P041007000293,P0410,Mt Victoria - Town Belt,7000293,"Memorial plaque - between 2 park benches on lower stone wall - "" This city is indebted to the gegerosity of the estate of the late GEORGE.H.CARTER by whose bequest these roadside gardens were made possible 1955""",1,No., ,0,0,, , , , , ,{7FBD9E6E-F10A-4D30-9A93-C2DC96D8AE7F}
174.7762611,-41.28202996,141,0,P-Sculpture,PSCU, ,1440319,P0308,Midland Park,7000204,"""Woman of Words"" Midland Park. Stainless steel figurine of Katherine Mansfield. On basalt plinth by Martin Goulden Builders 6-05-13. Lighting by Commercial Signals Limited. Unveiled by Mayor C. Wade Brown 08-05-13",1,No., ,0,0,, , , , , ,{A1DBCA36-D075-4211-A922-EC77EB2260F5}
174.7850505,-41.34177746,142,0,P-Sculpture,PSCU, ,1440933,P3326,Houghton Bay and Elsdon Point,7000136,"Large bronze ship propeller. Located at the Houghton Bay beach access from the carpark. From frigate F69, sunk in 2005.",1,No., ,0,0,, , , , , ,{2A8AFA8A-CC78-4D9D-B0FC-FB51D1FC0D99}
174.8373243,-41.3291355,143,0,P-Sculpture,PSCU, ,1441285,P3403,Oruaiti Reserve (Point Dorset),7000171,"Surrounding waka at Oruaiti Pa site, Large posts painted black with two red rings (Representative of Oarsmen for waka ) carved in near the tops",8,No., ,0,0,, , , , , ,{7FAF84CE-C454-4A33-8B40-15C68B767976}
174.8373239,-41.32916143,144,0,P-Sculpture,PSCU, ,1441285,P3403,Oruaiti Reserve (Point Dorset),7000171,"Surrounding waka at Oruaiti Pa site, Large posts painted black with two red rings (Representative of Oarsmen for waka ) carved in near the tops",8,No., ,0,0,, , , , , ,{88E1CF99-4F89-4B6B-B600-C24ABC6B41A6}
174.8374032,-41.32918526,145,0,P-Sculpture,PSCU, ,1441285,P3403,Oruaiti Reserve (Point Dorset),7000171,"Surrounding waka at Oruaiti Pa site, Large posts painted black with two red rings (Representative of Oarsmen for waka ) carved in near the tops",8,No., ,0,0,, , , , , ,{5A6FF11B-E582-4AF1-8CD5-70F7392CC6C2}
174.8374,-41.32920917,146,0,P-Sculpture,PSCU, ,1441285,P3403,Oruaiti Reserve (Point Dorset),7000171,"Surrounding waka at Oruaiti Pa site, Large posts painted black with two red rings (Representative of Oarsmen for waka ) carved in near the tops",8,No., ,0,0,, , , , , ,{9EC6C771-949B-4645-A145-3FF48F603C11}
174.8373515,-41.32925191,147,0,P-Sculpture,PSCU, ,1441285,P3403,Oruaiti Reserve (Point Dorset),7000171,"Surrounding waka at Oruaiti Pa site, Large posts painted black with two red rings (Representative of Oarsmen for waka ) carved in near the tops",8,No., ,0,0,, , , , , ,{FF9E1A71-378B-4CBE-B729-937E11D0F06E}
174.8373184,-41.32925696,148,0,P-Sculpture,PSCU, ,1441285,P3403,Oruaiti Reserve (Point Dorset),7000171,"Surrounding waka at Oruaiti Pa site, Large posts painted black with two red rings (Representative of Oarsmen for waka ) carved in near the tops",8,No., ,0,0,, , , , , ,{CC49E666-EC42-4CB1-9B7A-F12CA0C3A4C8}
174.8372771,-41.32920373,149,0,P-Sculpture,PSCU, ,1441285,P3403,Oruaiti Reserve (Point Dorset),7000171,"Surrounding waka at Oruaiti Pa site, Large posts painted black with two red rings (Representative of Oarsmen for waka ) carved in near the tops",8,No., ,0,0,, , , , , ,{1E4BF01D-5AC3-4981-8508-966A39FB020A}
174.8372434,-41.3292092,150,0,P-Sculpture,PSCU, ,1441285,P3403,Oruaiti Reserve (Point Dorset),7000171,"Surrounding waka at Oruaiti Pa site, Large posts painted black with two red rings (Representative of Oarsmen for waka ) carved in near the tops",8,No., ,0,0,, , , , , ,{F4E062FB-18A1-4EF9-B144-A0BEE2A61A8C}
174.7707884,-41.34338134,151,0,P-Mon.&Memorial-Plaque,PMME, ,1391762,P0567,Shorland Park and Play Area,7000232,Plaque 2 of 5 attached to the outside of the band rotunda (wording under Geography),1,No., ,0,0,, , , , , ,{697FA253-C207-4EA6-9B9C-327ABA65D805}
174.770823,-41.34337866,152,0,P-Mon.&Memorial-Plaque,PMME, ,1391764,P0567,Shorland Park and Play Area,7000234,Plaque 4 of 5 attached to the outside of the band rotunda located under no 3  (wording under Geography),1,No., ,0,0,, , , , , ,{F1FC2196-89B1-4CDD-8AC2-87DBD9E6D1DF}
174.7708311,-41.34338104,153,0,P-Mon.&Memorial-Plaque,PMME, ,1391763,P0567,Shorland Park and Play Area,7000233,Plaque 3 of 5 attached to the outside of the band rotunda (wording under Geography),1,No., ,0,0,, , , , , ,{C0049A0E-C663-4802-A989-B5E425DE94EF}
174.7708577,-41.34340172,154,0,P-Mon.&Memorial-Plaque,PMME, ,1391765,P0567,Shorland Park and Play Area,7000235,Plaque 5 of 5 attached to the outside of the band rotunda   (wording under Geography),1,No., ,0,0,, , , , , ,{D3B0A513-3AC8-4E32-AE9B-14E4A487E5D1}
174.77086,-41.343431,155,0,P-Mon.&Memorial-Plaque,PMME, ,1391731,P0567,Shorland Park and Play Area,7000231,Plaque 1 of 5 attached to the outside of the band rotunda (wording under Geography),1,No., ,0,0,, , , , , ,{F3401662-9FDB-4AFE-B9A9-95D66DEA2F97}
174.7663735,-41.28157289,156,0,Memorials\Memorials,PMME,2,20002461,P0466,Botanical Gardens of Wellington,7000316,"""Centennial Sundial"" (1891 - 1991) at entrance to sound shell lawn south end.   Consists of bronze.  Origin/Provenance: Commissioned by the Royal Society of New Zealand and the Wellington Historical and Early Settlers Association, to commemorate 100",1,No., ,0,0,1899-12-30T00:00:00.000Z,Centennial Sundial,Peter Kundycki,1993, ,no,{70D8EBAF-C592-43E5-BB43-E79844DD54B5}
174.7699613,-41.2808496,157,0,Memorials\Memorials,PMME,3,20002353,P0466,Botanical Gardens of Wellington,7000179,"Peace Flame (1994) - Japanese pagoda with live flame inside, located in centre of pond.",1,No., ,0,0,1899-12-30T00:00:00.000Z,Peace Flame, ,1994, ,no,{BCED8478-9E0D-47CD-A3C1-FF304C43E0A3}
174.7670947,-41.28400035,158,0,Memorials\Memorials,PMME,4,20002670,P0466,Botanical Gardens of Wellington,7000572,"Outside Carter Observatory. ""Sundial of Human Involvement"" (1991) - commemorates arrival of John Plimmer in Wellington in 1841.  Artist: Charles Stone. Consists of Takaka granite, bronze, reinforced concrete and steel.  Origin/Provenance: Wellington",1,No., ,0,0,1899-12-30T00:00:00.000Z,Sundial of Human Involvement,Charles Stone,199, ,no,{FC67F517-2658-4E9A-B4AA-88A37A03E94C}
174.7785712,-41.29230648,159,0,P-Sculpture,PSCU,17,P094907000110.0,P0949,Te Aro Park,7000110,Canoe prow - tiled sculpture at apex of park.  Artist: Shona Davies.  Origin/Provenance: Commisioned 1988.,30,No., ,0,0,1899-12-30T00:00:00.000Z,Memorial Cairn, , , ,no,{FE0E5E16-E71C-4526-B372-937EEEBE9363}
174.7813383,-41.30064569,160,0,P-Mon.&Memorial-Memorial,PMME,53,1307304,P0461,Basin Reserve,7000100,"William Wakefield Memorial (1882) located outside the Basin Reserve on Dufferin St, opposite Paterson St.  Cast iron with concrete dome.  Origin/Provenance: Gifted to WCC by Mr Hunter of Bethune and Hunter in 1882.",1,No., ,0,0,1899-12-30T00:00:00.000Z,William Wakefield Memorial, ,1882, , ,{DDCEE835-71D0-4B29-BF6A-1B4F3EA02C48}
174.7773699,-41.28803099,161,0,Memorials\Memorials,PMME,57,20015803,R0656,Harris St,9900100,"Title/Year: Rabin Memorial (2000).  Consists of Granite and olive tree.   Comments: In memory of Yitzhak Rabin 1922-1995.  Prime Minister of Isreal 1974-1977, 1992-1995.  1994 Nobel Peace Prize.",1,No., ,0,0,1899-12-30T00:00:00.000Z,Rabin Memorial, ,2000, ,no,{6C849B9B-97B7-4BBF-B7C5-2C26B2AF1237}
174.7050679,-41.26913119,162,0,Memorials\Memorials,PMME,62,20016009,R0933,Makara Rd,7000104,"Makara Rd - on corner of Sth Makara rd).   Title/Year: War memorial.  Consists of Concrete, marble, iron.   Comments: Erected by the settlers of Makara in memory of the boys of this district who fell in the Great War 1914-1919.",1,No., ,0,0,1899-12-30T00:00:00.000Z,Makara War Memorial, ,1920, , ,{F654F4D1-439D-4C7F-BBE2-FCFD0CF049DE}
174.7607963,-41.29322684,163,0,Memorials\Memorials,PMME,0,20000468,P0195,Polhill Gully Rec Reserve & Town Belt,7000184,"Holloway Road, Raroa Road and Aro Street.   Title/Year: Mitchelltown War Memorial (1920).   Origin/Provenance: Presented by Mitchelltown Welcome Home Association and Friends.  Comments: Erected in memory of the Mitchelltown School and District who se",1,No., ,0,0,1899-12-30T00:00:00.000Z, Mitchelltown War Memorial, ,1920, ,no,{2C8D95DF-2B9D-4F94-A937-106D715B6F8B}
174.7936593,-41.29701841,164,0,Memorials\Memorials,PMME,14,20004264,P0507,Mt Victoria Lookout / Byrd Memorial,7000119,"Richard E. Byrd Memorial II (1993 replacement) - pyramidial structure with hand painted tiles,  4 brass plaques.  Artist: Doreen Blumhardt.  Orign/Provenance: Wellington City Council.",1,No., ,0,0,1899-12-30T00:00:00.000Z,Byrd Memorial, , , , ,{2C777AD4-96A3-4621-A2B1-2FE72329F514}
174.760842,-41.30541906,165,0,Memorials\Memorials,PMME,28,20008399,P1071,"Brooklyn War Memorial, Sugarloaf Hill",7000106,"Brooklyn War Memorial (1923).  Stone memorial to Victims of the Great War from Brooklyn, statue on top and marble plaques.  ""In honour of those who left the District to fight in the Great War 1914 - 1918"".",1,No., ,0,0,1899-12-30T00:00:00.000Z,Brooklyn War Memorial, ,1923, , ,{E9A4C6F4-371D-4341-816E-F7A277CE0AC6}
174.7981069,-41.29501054,166,0,Memorials\Memorials,PMME,29,20008412,P1072,Reservoir - Mt Victoria & Old Lookout,7000159,"Centennial memorial 1939 large stone slab supported by pillars, 2 bronze busts,  One head is of Wellington west side and the other head is Wakefield east side",1,No., ,0,0,1899-12-30T00:00:00.000Z,Centennial Memorial, ,1939, , ,{9F901DDB-C60F-496A-919B-5EB4147CCD6D}
174.7786629,-41.27892786,167,0,P-Sculpture,PSCU, ,1391878,R0226,Bunny St,7000141,"""Seismic""  consists of 4 discs of Italian marble, each 1.8 m in diameter. Each disc weighs 3.5 tonnes. Seismic interpreted the tension and drama of Wellington's long history of earthquakes.",4,No., ,0,0,, , , , , ,{BBDDA98A-8937-4961-A479-36372D2D55E5}
174.7791668,-41.29272369,168,0,Public_Art_Work\Sculptures, , ,1321132,R0386,Courtenay Pl,7000215,Courtenay Place (Centre of roadway between Tory to Taranaki Streets) - Punga Peke - New Life (2000).,0, , ,0,0,, , , , , ,{85159DF7-615F-4B86-B2ED-864D8084364A}
174.8284642,-41.16475987,169,0,P-Mon.&Memorial-Memorial,PMME,37,P181407000180.0,P1814,Grasslees Reserve,7000180,Memorial cairn between the camelia and rock garden. On the granite is engraved Elsdon Best . 2 plaques.,1,No., ,0,0,1899-12-30T00:00:00.000Z,Cairn to Elsdon Best, , , , ,{6E6A654E-F0D6-430F-AE5C-2A407EB4BCFE}
174.8038306,-41.22205964,170,0,P-Mon.&Memorial-Plaque,PMME, ,1311224,P0493,Johnsonville Memorial Park & Play Area,7000129,Plaque mounted on a Concrete and Brick base in the garden on the left side facing the main entrance gates from inside the park.,1,No., ,0,0,, , , , , ,{E33A9CCA-59FF-4725-96DA-EA9465C94206}
174.7901154,-41.21789987,171,0,P-Mon.&Memorial-Plaque,PMME, ,1333412,P2498,Old Coach Road Reserves,7000109,"Plaque in the large rock behind the park bench overlooking Makara and Ohariu valleys. See plaque description for text. Belongs with ""Ritchie"" M_Seat in front of it.",1,No., ,0,0,, , , , , ,{8787A194-94AC-402A-B7A2-AD189B469981}
174.7753693,-41.26643287,172,0,Memorials\Memorials, , ,1432019,P2369,Te Ahumairangi Hill,7000303,"'Landmark Memorial'. Sited on Te Ahumairangi Hill, at the end of the track from Weld Street. Concrete cylinder with stainless text inserted",0, , ,0,0,, , , , , ,{3B489CE3-B4F7-41DA-A08F-CEF27C1D34E7}
174.8281028,-41.16466687,173,0,P-Mon.&Memorial-Plaque,PMME, ,1402759,P1814,Grasslees Reserve,7000389,"Small plaque in front of rose in the rose garden ""Plunket Centenary Rose"".",1,No., ,0,0,, , , , , ,{16C9336F-103F-46DA-8E7A-D710C55C2ACC}
174.8284627,-41.18515366,174,0,P-Mon.&Memorial-Plaque,PMME,60561540,P182807000166.0,P1828,Willowbank Reserve & Play Area,7000166,"Memorial bronze plaque in pavers""Presented in Memory of the late Doris Mills Tawa Borough Councillor 1971-1986 Mayor 1986-87 donated by Lions Club of Tawa and Rotary Club Tawa May 1989""",1,No., ,0,0,, , , , , ,{05B0EEBC-0822-444B-963E-44CA14758BBA}
174.8106174,-41.2095393,175,0,P-Mon.&Memorial-Plaque,PMME, ,1297125,P1058,John Walker Park & Play Area,7000143,"Plaque under the sign at the Caesar entrance to the Park ""John Walker Park in the memory of John Dick Walker 1926-1981 Founder of Churton Park """,1,No., ,0,0,, , , , , ,{3EF746F6-4643-4CD4-83EF-EBEA78F29C54}
174.7708724,-41.34398871,176,0,P-Mon.&Memorial-Plaque, , ,1443472,P0567,Shorland Park and Play Area,7000302,"Plaque mounted in to large ornamental boulder ""Te Araroa -  The Long Pathway ....His Excellency the Rt Hon Sir Jerry Mataparae ...""",0, , ,0,0,, , , , , ,{1C943C57-E80B-494C-B2AE-46C70E8E92CD}
174.8345063,-41.3220645,177,0,Public_Art_Work\Sculptures, , ,1441585,P1208,Churchill Park and Play Area,7000901,"Concrete conical plinth with brass plaque 'Wahine Memorial' Commemorating 'Wahine Day' 10 April 1968. Unveilled by The Hon Fran Wilde, 10 April 1993.",0, , ,0,0,, , , , , ,{3AEB7E2A-E732-4A7A-80FC-2A524D7F067A}
174.7387367,-41.28813597,178,0,Public_Art_Work\Sculptures, , ,P047907000118.,P0479,Ben Burn Park & Play Area,7000118,Ornamental wooden poles (x3) at entranceway from Beauchamp Street.,0, , ,0,0,, , , , , ,{151675CA-88CC-4704-B2A4-C70B6B18613E}
174.7899715,-41.29005322,179,0,Public_Art_Work\Sculptures, , ,1350015, ,Freyberg Pool & Beach Play Area,7000170,Writers Walk - Fiona Kidman,0, , ,0,0,, , , , , ,{D26CD7FC-DEDF-4E60-89C6-75D987BDFCD4}
174.7794988,-41.27144564,180,0,Memorials\Memorials, , ,20008076,P1040,"Katherine Mansfield Pk, 89 Hobson St",7000187,Memorial stone with a plaque in the garden near the Lady Mackenzie Blind garden ' This is the site of Fitzherbert Terrace School founded in 1878. In 1920 it became the Samuel Marsden Collegiate school and in 1926 moved to Karori.,0, , ,0,0,, , , , , ,{0F52F437-435D-47B5-B8F8-0438EC5AEEB4}
174.7793538,-41.27143085,181,0,Public_Art_Work\Sculptures, , ,1401984,P1040,"Katherine Mansfield Pk, 89 Hobson St",7000226,Sakai Cherry Walk  - Feature rock on the hill along a gravel path,0, , ,0,0,, , , , , ,{CA734C09-3691-43DF-8828-E529803533C7}
174.7796388,-41.27131071,182,0,Public_Art_Work\Sculptures, , ,1402145,P1040,"Katherine Mansfield Pk, 89 Hobson St",7000258,Oamaru stone seat 'Stone Leaf' in the Lady MacKenzie Blind Garden by the rose garden. Plaque by the seat ' Stone Leaf by AAron Frater 2007  Kindly donated by Della Laura',0, , ,0,0,, , , , , ,{A33738BA-8088-407F-8C06-A35FA5D236E4}
174.7782105,-41.29212165,183,0,Memorials\Memorials, , ,1332601,P0949,Te Aro Park,7000151, On the top are carved words painted white ' Close to this spot at the Te Aro pa on Sunday 9th June 1839 a christian service with the Maoris was conducted by Reverand S.H. Bumby and Reverand J.Hob,0, , ,0,0,, , , , , ,{F3B1FB91-1503-4410-8DDC-93D3967088E5}
174.7806888,-41.25933533,184,0,Public_Art_Work\Sculptures, , ,20014718,P3049,O'Neil Reserve,7000103,"At the low end of track in clearing over looking Ngaio Gorge, large tripod structure with concret base an 3 memorial plaques, band of mirrors and coloured glass half way up.",0, , ,0,0,, , , , , ,{9D1231E1-2696-4548-975C-84D2EC604459}
174.7773944,-41.29018086,185,0,Public_Art_Work\Sculptures, , ,20015614,R0401,Cuba St,7000166,"""Philanthropists Stone"" Lower Cuba St on western side.",0, , ,0,0,, , , , , ,{3980580B-1FBA-4104-8170-8945A87F854B}
174.802361,-41.22505975,186,0,P-Mon.&Memorial-Plaque, , ,1443619,P0495,Alex Moore Park,7000284,Plaque commemorating the redevelopment of the sportsfield and park. Located at the top of the concrete terraces to the east.,0, , ,0,0,, , , , , ,{0B4E304E-39F6-495A-B6A9-7629FBA2ECF6}
174.7746709,-41.34443124,187,0,Public_Art_Work\Sculptures, , ,20007993,P1014,Island Bay Foreshore,7000163,"3 ""Sculpted"" Posts at the entrance area to the Bait House",0, , ,0,0,, , , , , ,{6E7CB752-C58A-4307-9DED-11C1300F6F0E}
174.7253814,-41.28668816,188,0,P-Mon.&Memorial-Plaque, , ,1306731,P0552,Karori Park And Play Area,7000310,"Plaque on the curved brick fence by the play area.""The Karori Park Playground was opened by her worship the Mayor of Wellington Kerry Prendergast on the 4th June 2002. A WCC community facility supported by the Rotary Club of Karori.""",0, , ,0,0,, , , , , ,{738DC056-C193-470F-8A5D-5BC2E129CBFD}
174.7773245,-41.27904121,189,0,P-Sculpture, , ,20389275, ,The Cenotaph - War Memorial Reserve,0,"Sculpture - ""Walk the Line"" sound and jade sculpture in ground at Cenotaph
(Not yet handed over to WCC)",0, , ,0,0,, , , , , ,{5A40445D-6716-43B4-ADB3-545C7D5F2EB9}
174.8164901,-41.31585504,190,0, , , ,20389554, ,Wellington\Miramar\Park Rd,0,"Sculpture - Gandalf outside The Roxy Cinema on Park Rd, Miramar. Installed July 2013, long term loan from Weta.",0, , ,0,0,, , , , , ,{786D7492-0508-4E87-8F6D-EE2F8B42746D}
174.7758163,-41.28579178,191,0,P-Sculpture,PMME,67,1314516,R1208,Plimmers Steps,7000113,"John Plimmer and dog Fritz (1996) bronze statue.  John Plimmer (1812-1905) known as the ""Father of Wellington"" because he was active in many facets of Wellington's commercial and political life.  Artist: Tom Tischler / Ross Wilson and Judy Alexander.",1,No., ,0,0,2006-08-07T00:00:00.000Z,John Plimmer,Tom Tischler/Ross Wilson/Judy,1996, ,no,{45880D5E-C3AB-412C-8F85-484B46818359}
174.7789245,-41.28799869,192,0,P-Sculpture,PSCU,AM9-130,20013029,P1978,Frank Kitts Park Precinct,9900109,"Frank Kitts Park.   Title/Year: Albatross, sculpture/fountain  1980-1986. Artist: Tanya Ashken. Consists of Painted concrete. Gifted 1986 by Wellington Sculpture Trust, WCC donated $20,000 towards Sculpture Trust's Appeal.  Comments: A project of t",1,No., ,0,0,1899-12-30T00:00:00.000Z,Albatross,Tanya Ashken,1986, ,no,{4FC576B2-2892-4A74-A27F-9BCD0E60DF3A}
174.7779545,-41.27865839,193,0,P-Mon.&Memorial-Other,PMME,12,20394768,P0485,Waititi Landing,7000110,"Pou Whenua on the south side of the boardwalk Wai-titi Landing, corner Lambton Quay and Molesworth St",1,No., ,0,0,1899-12-30T00:00:00.000Z,Pou Whenua,Ra Vincent,2005, ,no,{EC90747E-B462-4317-BA8F-8DF07A50ECDE}
174.7941005,-41.29628446,194,0,P-Mon.&Memorial-Other,PMME, ,20394769,P0507,Mt Victoria Lookout / Byrd Memorial,7000206,Red pou whenua located on the summit is the marker for the Maori Heritage trail (the path of our ancestors) on the way to the lookout,1,No., ,0,0,,Pouwhenua, , , , ,{90D48F7C-EFCD-4E17-B50E-AE3A2A390989}
174.8354085,-41.32297,195,0,P-Mon.&Memorial-Other,PMME, ,20394734,P1208,Churchill Park and Play Area,7000187,Red pou whenua pole - Marori Heritage Trail Marker at the Hector St entrance,1,No., ,0,0,, , , , , ,{E6AD5ADC-4BFD-4142-ADDF-9F3C268EC86A}
174.7597692,-41.34324443,196,0,P-Mon.&Memorial-Other,PMME, ,20394770,P2022,Owhiro Bay Play Area,7000117,Red pou whenua pole - Maori heritage trail marker inside the play area.,1,No., ,0,0,, , , , , ,{26E5C153-43A2-4AA2-907F-15E82AB181FE}
174.7838123,-41.29413388,197,0,P-Mon.&Memorial-Other,PMME, ,20394822,P1371,Kent/Cambridge Terrace Reserve,7000247,Red pou whenua opposite the Embassy Theatre Kent/ Cambridge Terrace,1,No., ,0,0,, , , , , ,{8318AD3F-173C-4E2A-A905-E03D8461F35D}
174.8374565,-41.32928269,198,0,P-Mon.&Memorial-Other,PMME, ,20394772,R0956,Oruaiti Reserve (Point Dorset),7000126,"Red pou whenua Maori Heritage Trail marker, up the top of Point Dorset.",1,No., ,0,0,, , , , , ,{00F15E1A-74D4-4FD0-A935-5F113BD1893C}
174.7719935,-41.34348494,199,0,P-Mon.&Memorial-Other,PMME, ,20394834,P0567,Shorland Park and Play Area,7000175,Red Pou Whenua - Corner of Reef Street in the sand dunes at Shorland Park -  Te Mupunga Kainga red pou whenua pole Maori Heritage Trail marker,1,No., ,0,0,, , , , , ,{3A0C99EF-5281-4BF1-B8F1-AFC5E5E8F2C2}
174.7760918,-41.34134295,200,0,P-Mon.&Memorial-Other,PMME, ,20394827,P0619,Melbourne Rd Reserve,7000104,Red Pou Whenua - Halfway up path from Melbourne Rd to Orchy Cres red pou whenua pole for Maori Heritage Trail.,1,No., ,0,0,, , , , , ,{BA66FAD3-0640-4B0A-A698-8DFA0DE076ED}
174.7779822,-41.27864079,201,0,P-Mon.&Memorial-Other,PMME, ,20394767,P0485,Waititi Landing,7000111,"Pou Whenua on the north side of the boardwalk Wai-titi Landing, corner Lambton Quay and Molesworth St",1,No., ,0,0,, , , , , ,{88FCF5CD-3950-4056-A1D5-97FFF80E7372}
174.7583226,-41.26698599,202,0,Memorials\Memorials,PSCU, ,20005571,P0549,Otari Wiltons Bush,7000800,"Three pou (posts) arranged in a circle, in the tree-fern garden. Sourced from the waharoa, carved by Bryce Manu of Taranaki.",3,No., ,0,0,, , , , , ,{D74BCB75-6C55-4E08-820B-014CF7C8A321}
174.7794644,-41.27155885,203,0, , , , ,P1040,"Katherine Mansfield Pk, 89 Hobson St",7000222, ,0, , ,0,0,, , , , , ,{5A3918BA-69D8-4B96-B03E-9D432635C73E}
174.7754906,-41.28004365,204,0, , , ,20389278, ,"Accessway - The Terrace/Masons Lane, 39",0,Video Sculpture - Art Installation half way up the steps of Masons Lane,0, , ,0,0,, , , , , ,{6A4BB8FD-9F57-4780-BE40-8964EF6D2E90}
174.7791873,-41.28726017,205,0, , , ,20020516, ,Frank Kitts Park Precinct,0,Wahine Mast,0, , ,0,0,, , , , , ,{CDACC4DA-7DFB-4FBF-B432-22639D0A2530}
174.7861606,-41.29115074,206,0, , , ,20390251, ,Waitangi Precinct,0,Boat Harbour Park - Sundial with plaque in centre of grass.,0, , ,0,0,, , , , , ,{6D278C3B-28C5-42CA-9743-6FD425531C74}
174.786577,-41.29165703,207,0,Memorials\Memorials, , ,20016248, ,Mt Victoria\Oriental Pde,0,"Te Waka Pou. Corner of Oriental Parade & Herd Street. Artist: Ra Vincent, 2007. The base of the sculpture consists of andesite, volcanic rock from Taranaki and 2 vertical carved totara beams with bronze work between sitting atop of the rock.",0, , ,0,0,, , , , , ,{84FB2CBD-BC0E-4E8A-AE70-7EAD76067127}
174.7823426,-41.28959094,208,0, , , ,20018736, ,Taranaki Street Wharf Precinct,0,Wellington Waterfront Te Papa Pond Writers Walk James K Baxter,0, , ,0,0,, , , , , ,{C94386B3-6B88-437B-AEC6-140F7B01EBDE}
174.7787788,-41.28902556,209,0, , , ,20018742, ,Taranaki Street Wharf Precinct,0,Wellington Waterfront Writers Walk Patrick Lawlor (seriously damaged),0, , ,0,0,, , , , , ,{733060F5-BEE3-491D-B87C-9E35B7B629D6}
174.7809232,-41.28983378,210,0, , , ,20018748, ,Taranaki Street Wharf Precinct,0,Wellington Waterfront Taranaki Street Wharf Cut Out Writers Walk Alistair Te Ariki Campbell,0, , ,0,0,, , , , , ,{BEA0E471-43FC-439D-8676-C550894CCACA}
174.7804947,-41.28975483,211,0, , , ,20018746, ,Taranaki Street Wharf Precinct,0,Wellington Waterfront Taranaki Street Wharf by Linkspan Building Writers Walk Sam Hunt,0, , ,0,0,, , , , , ,{B3F237A6-AB37-4E71-A052-655BB2030CBE}
174.7799102,-41.28861805,212,0, , , ,20018740, ,Taranaki Street Wharf Precinct,0,Wellington Waterfront on Rowing Club Public Space Writers Walk Patricia Grace,0, , ,0,0,, , , , , ,{B4E117DE-6E28-4308-BD01-A6001A9D846D}
174.7795784,-41.2878123,213,0, , , ,20018745, ,Taranaki Street Wharf Precinct,0,Wellington Waterfront Whairepo Lagoon Bridge Writers Walk Michael King,0, , ,0,0,, , , , , ,{910F5450-4057-4DAD-AEA2-9B67E9244E36}
174.7787131,-41.28883948,214,0, , , ,20018743, ,Taranaki Street Wharf Precinct,0,Wellington Waterfront Whairepo Lagoon Writers Walk Vincent O'Sullivan,0, , ,0,0,, , , , , ,{F003B410-A2F4-4965-B5F2-0FD9AB9A5D28}
174.7795031,-41.28822391,215,0, , , ,20018741, ,Taranaki Street Wharf Precinct,0,Wellington Waterfront located on Treasure Island Writers Walk Maurice Gee,0, , ,0,0,, , , , , ,{D358A9F0-908C-4E5E-97AD-4673C77CD422}
174.779392,-41.28727528,216,0, , , ,20018747, ,Frank Kitts Park Precinct,0,Wellington Waterfront Frank Kitts Park at Wharf edge Writers Walk Dennis Glover,0, , ,0,0,, , , , , ,{96AEB413-BF57-4D76-9B96-B7503BBD94F5}
174.7794325,-41.28798606,217,0, , , ,20018734, ,Taranaki Street Wharf Precinct,0,Wellington Waterfront Frank Kitts Park /Taranaki Precinct - Writers Walk Louis Johnson near Albatross,0, , ,0,0,, , , , , ,{96ECBF4B-B91A-42AE-8573-B5634CF455B8}
174.7790837,-41.28394512,218,0, , , ,20018749, ,Queens Wharf Precinct,0,Wellington Waterfront Queens Wharf near Dockside Restaurant Writers Walk Eileen Duggan,0, , ,0,0,, , , , , ,{B25A6058-DD7C-45E3-878C-99DE44345DAF}
174.7799774,-41.28960932,219,0, , , ,20395497, ,Queens Wharf Precinct,0,"Wellington Waterfront on post in Timber Forest at Odlins Plaza, Writers Walk Jack Lasenby.",0, , ,0,0,, , , , , ,{265BAA11-32BF-4BB8-B5D0-7CEC76FE36E5}
174.7843041,-41.29050679,220,0, , , ,20018750, ,Taranaki Street Wharf Precinct,0,Wellington Waterfront Te Papa Promenade Writers Walk Marilyn Duckworth,0, , ,0,0,, , , , , ,{9BD21F3E-B21B-4305-8CC6-3D6693A79040}
174.7830678,-41.28935521,221,0, , , ,20018735, ,Taranaki Street Wharf Precinct,0,Wellington Waterfront Taranaki Street Wharf edge Writers Walk Katherine Mansfield,0, , ,0,0,, , , , , ,{E9F869E6-DA35-4722-A8BB-47AC183349F2}
174.7808074,-41.2901595,222,0, , , ,20018738, ,Taranaki Street Wharf Precinct,0,Wellington Waterfront Taranaki Street Wharf by Circa Theatre Writers Walk Bruce Mason,0, , ,0,0,, , , , , ,{1D51F8D0-FE66-4F45-AB0D-324CBECAE645}
174.780574,-41.28965065,223,0, , , ,20018739, ,Taranaki Street Wharf Precinct,0,Wellington Waterfront Taranaki Street Wharf by Circa Theatre Writers Walk Bruce Mason,0, , ,0,0,, , , , , ,{A8F2484C-69CF-4672-ABF9-B6ACC2C12724}
174.7786575,-41.28876935,224,0, , , ,20018744, ,Civic Centre Complex,0,"City to Sea bridge from Civic Centre , at Waterfront end. Writers Walk Lauris Edmond.",0, , ,0,0,, , , , , ,{867126C8-CB49-4A96-92A6-0D8F90C0E532}
174.7792047,-41.28277498,225,0, , , ,20018727, ,Kumutoto Precinct,0,Wellington Waterfront Kumutoto Nga Kina Sculpture,0, , ,0,0,, , , , , ,{D0FC7FD0-E560-4CB5-A8CB-D33C6227FC8A}
174.7815295,-41.3221348,226,0, , , ,20007106, ,Newtown Park and Play Area,0,A large rock with a metal plaque on the road to the skating rink (right handside as you go towards rink on path). Rotary Club.,0, , ,0,0,, , , , , ,{C6AE121D-21F8-4B25-BF6A-157F1A044D3D}
174.7825501,-41.3197297,228,0, , , ,20007149, ,Newtown Park and Play Area,0,Plaque attached to the pavilion below the grandstand. CA Dickie,0, , ,0,0,, , , , , ,{08C0EBDA-A281-42FB-B461-70690A8CD2A6}
174.8028057,-41.30418102,229,0,P-Sculpture, , ,20015684, ,Wellington\Hataitai\Evans Bay Pde,0,Patent Slip Landscaped area  -  Railway sleeper poles 3m high in a line 5 on each side of the boardwalk,0, , ,0,0,, , , , , ,{42BD3B80-16E9-4856-801D-19E2AC638A17}
174.8028166,-41.30420232,230,0,P-Sculpture, , ,20015684, ,Wellington\Hataitai\Evans Bay Pde,0,Patent Slip Landscaped area  -  Railway sleeper poles 3m high in a line 5 on each side of the boardwalk,0, , ,0,0,, , , , , ,{25426003-3730-4A63-BBBF-391834FE14BA}
174.8028283,-41.30422016,231,0,P-Sculpture, , ,20015684, ,Wellington\Hataitai\Evans Bay Pde,0,Patent Slip Landscaped area  -  Railway sleeper poles 3m high in a line 5 on each side of the boardwalk,0, , ,0,0,, , , , , ,{206378B6-5FF8-4FD2-874D-92D1F35C3E81}
174.80284,-41.30424039,232,0,P-Sculpture, , ,20015684, ,Wellington\Hataitai\Evans Bay Pde,0,Patent Slip Landscaped area  -  Railway sleeper poles 3m high in a line 5 on each side of the boardwalk,0, , ,0,0,, , , , , ,{EBA606B2-5AB0-4CB9-ADB0-5AAAB16A7254}
174.8027895,-41.3042595,233,0,P-Sculpture, , ,20015684, ,Wellington\Hataitai\Evans Bay Pde,0,Patent Slip Landscaped area  -  Railway sleeper poles 3m high in a line 5 on each side of the boardwalk,0, , ,0,0,, , , , , ,{40B3D748-DF43-4F94-879D-F35DE9FAE877}
174.8027778,-41.30423957,234,0,P-Sculpture, , ,20015684, ,Wellington\Hataitai\Evans Bay Pde,0,Patent Slip Landscaped area  -  Railway sleeper poles 3m high in a line 5 on each side of the boardwalk,0, , ,0,0,, , , , , ,{BE6F1931-4926-4347-943D-CCD44D053367}
174.8027658,-41.30421957,235,0,P-Sculpture, , ,20015684, ,Wellington\Hataitai\Evans Bay Pde,0,Patent Slip Landscaped area  -  Railway sleeper poles 3m high in a line 5 on each side of the boardwalk,0, , ,0,0,, , , , , ,{0D7D3463-155A-4F6A-AD6E-9EAC904F011B}
174.8027508,-41.30419711,236,0,P-Sculpture, , ,20015684, ,Wellington\Hataitai\Evans Bay Pde,0,Patent Slip Landscaped area  -  Railway sleeper poles 3m high in a line 5 on each side of the boardwalk,0, , ,0,0,, , , , , ,{9187B101-3BA6-4D07-86B2-C2E11D07879F}
174.8027416,-41.30418157,237,0,P-Sculpture, , ,20015684, ,Wellington\Hataitai\Evans Bay Pde,0,Patent Slip Landscaped area  -  Railway sleeper poles 3m high in a line 5 on each side of the boardwalk,0, , ,0,0,, , , , , ,{443CF21C-8872-4185-A0D9-A5BFCE995D92}
174.8027956,-41.30416211,238,0,P-Sculpture, , ,20015684, ,Wellington\Hataitai\Evans Bay Pde,0,Patent Slip Landscaped area  -  Railway sleeper poles 3m high in a line 5 on each side of the boardwalk,0, , ,0,0,, , , , , ,{F055579D-0CB6-436F-AA97-6FD09FD24EFD}
174.802774,-41.30425214,239,0, , , ,20015686, ,Wellington\Hataitai\Evans Bay Pde,0,Patent Slip Landscaped Area  -  Concrete plinth  beside the sleeper poles and boardwalk. (has nothing on it),0, , ,0,0,, , , , , ,{D02F2802-BFCF-4EB5-BAC6-10C9CC2D9365}
174.8091725,-41.31691418,240,0,P-Sculpture,PSCU,20015421,1300036,R0351,Cobham Dr (Transit),7000262,"""Pacific Grass"" (2000). Sculpture in the middle of the eastern roundabout. Glows red at night time. Sculpture by Kon Dimopoulous/Neil Galbreath.  Consists of bakelite rods.  Origin/Provenance: Wellington Sculpture Trust, sponsored by Meridian Energy.",1,No.,c,0,0,1899-12-30T00:00:00.000Z,Pacific Grass,Kon Dimopoulous,2000, , ,{EF491BC8-CEF6-4FFF-B4CB-F298943B43FD}
